RD_LINK_ID,node1,node2,weight
153690,0,1,7
153691,1,2,9
154109,1,3,1
154153,4,5,10
154154,4,6,4
154270,7,8,2
154438,9,10,2
154439,4,9,5
154440,11,12,4
154441,7,11,9
154559,11,13,9
154698,14,15,4
154699,11,14,7
154780,16,17,8
154811,15,18,1
154813,14,19,8
154848,17,20,8
154858,21,22,5
154977,20,23,9
154978,23,24,7
154999,18,25,2
155000,14,25,8
155064,25,26,5
155068,22,27,2
155105,0,28,2
155107,25,29,4
155123,28,30,6
155147,22,31,5
155165,23,32,4
155202,32,33,7
155203,18,33,8
155222,28,34,10
155238,29,35,7
155239,35,36,10
155246,31,37,9
155249,38,39,2
155257,34,40,6
155261,3,41,10
155299,42,43,10
155300,40,42,2
155301,38,44,2
155323,45,46,5
155326,45,47,7
155327,48,49,2
155328,42,48,6
155334,45,50,3
155337,50,51,4
155346,35,52,2
155363,53,54,7
155364,48,53,8
155390,52,55,1
155391,55,56,4
155395,53,55,4
155396,40,57,1
155405,44,58,7
155411,44,59,6
155412,32,59,4
155416,33,60,4
155417,60,61,5
155427,31,62,7
155462,41,63,4
155463,63,64,9
155477,42,65,1
155505,48,66,8
155508,62,67,9
155558,59,68,10
155570,60,69,7
155598,62,70,3
155599,38,70,7
155617,60,71,1
155621,53,72,4
155630,63,73,2
155700,71,74,4
155706,71,75,5
155707,29,75,1
155737,73,76,2
155828,52,77,8
155829,55,77,7
155880,73,78,4
155881,79,80,3
155882,75,81,5
155884,79,82,3
155901,70,81,4
155967,79,83,1
155968,83,84,9
156000,85,86,7
156001,85,87,10
156040,47,88,6
156049,70,89,6
156051,50,90,6
156063,82,91,8
156084,89,92,9
156116,92,93,8
156117,93,94,2
156123,91,95,2
156190,85,96,4
156191,78,96,9
156204,93,97,5
156205,97,98,6
156305,97,99,1
156306,99,100,8
156310,101,102,6
156319,101,103,8
156320,96,103,6
156321,104,105,6
156322,91,104,6
156341,106,107,2
156342,101,106,8
156344,83,108,6
156369,77,109,7
156375,110,111,7
156376,88,110,7
156378,106,112,1
156389,109,112,1
156405,83,113,2
156406,113,114,8
156427,103,115,5
156431,116,117,3
156432,116,118,6
156452,99,119,9
156453,119,120,1
156471,116,121,3
156478,110,122,5
156511,113,123,9
156523,112,124,5
156524,103,124,6
156525,111,125,6
156538,126,127,4
156564,128,129,8
156572,125,130,9
156575,131,132,6
156576,131,133,3
156577,78,134,1
156590,115,135,1
156592,127,136,9
156608,122,137,3
156609,92,137,10
156610,133,138,5
156611,138,139,10
156612,111,140,1
156624,47,141,3
156632,128,134,9
156649,115,142,3
156661,143,144,6
156664,145,146,4
156668,138,147,7
156678,108,148,7
156679,124,148,10
156680,126,149,7
156701,118,150,3
156702,150,151,4
156704,152,153,10
156705,131,152,1
156713,125,154,2
156720,141,154,8
156731,147,155,4
156732,155,156,6
156769,148,157,10
156777,152,158,8
156784,137,159,2
156785,158,159,5
156792,155,160,6
156793,160,161,6
156812,123,162,8
156831,128,163,1
156835,123,164,7
156836,157,164,3
156852,122,165,2
156863,126,166,10
156864,136,166,10
156868,136,167,9
156878,168,169,2
156879,135,168,8
156926,167,170,1
156933,171,172,4
156934,172,173,5
156942,159,174,3
156952,157,175,2
156953,175,176,5
156954,174,177,3
156975,171,178,2
156976,168,179,9
157005,175,180,10
157006,166,181,7
157013,171,182,6
157017,160,183,10
157032,143,184,4
157037,147,158,1
157040,180,185,9
157076,170,186,7
157087,129,187,2
157088,187,188,6
157117,189,190,8
157118,164,189,8
157120,187,191,6
157123,183,192,6
157134,185,193,4
157135,179,193,2
157140,178,194,1
157153,183,195,5
157154,150,195,4
157155,170,196,9
157162,178,197,6
157165,174,198,2
157171,154,198,6
157177,199,200,4
157178,166,201,5
157179,186,201,10
157181,199,202,8
157189,197,203,1
157201,179,204,2
157202,191,204,7
157235,191,205,7
157246,180,206,1
157259,192,207,4
157266,207,208,6
157292,167,209,4
157296,197,210,9
157310,211,212,2
157311,206,211,9
157312,210,213,6
157323,186,214,6
157324,196,214,7
157326,198,215,3
157346,200,216,9
157360,217,218,3
157361,145,217,10
157393,210,219,6
157398,220,221,1
157403,219,222,4
157404,223,224,2
157420,217,225,8
157421,225,226,1
157425,220,227,2
157434,195,228,9
157435,211,228,6
157442,215,229,1
157453,228,230,6
157454,206,230,5
157470,231,232,2
157471,231,233,3
157481,201,234,2
157482,214,234,6
157496,219,235,9
157497,235,236,7
157501,237,238,6
157502,207,237,1
157513,181,239,7
157514,234,239,2
157520,240,241,6
157529,242,243,4
157530,242,244,2
157545,215,245,1
157546,216,245,9
157570,246,247,1
157571,239,246,4
157573,214,248,2
157574,248,249,8
157598,242,250,9
157599,250,251,3
157611,230,252,5
157625,217,253,10
157634,245,254,7
157645,255,256,8
157663,232,257,9
157670,235,258,4
157671,172,258,7
157677,259,260,3
157678,259,261,9
157687,193,262,5
157690,246,263,5
157699,264,265,5
157708,264,266,7
157716,267,268,10
157731,250,269,6
157732,269,270,5
157735,271,272,1
157736,237,271,8
157742,185,273,3
157743,262,273,2
157744,254,274,9
157768,263,275,10
157769,273,276,8
157780,234,277,4
157781,248,277,8
157784,252,278,5
157801,243,279,6
157820,267,280,6
157821,258,280,5
157850,252,281,1
157851,278,281,4
157867,281,282,2
157869,228,283,9
157872,248,284,1
157873,284,285,7
157897,242,286,10
157938,287,288,9
157943,220,289,2
157955,290,291,1
157961,292,293,2
157979,255,294,9
157980,271,294,4
157981,250,295,9
158009,263,296,10
158010,277,296,2
158012,224,297,10
158013,289,297,2
158024,290,298,5
158025,264,298,6
158030,276,299,10
158033,224,300,7
158034,297,300,9
158055,277,301,7
158056,284,301,1
158057,294,302,2
158067,282,303,2
158075,291,304,10
158080,298,305,3
158083,306,307,10
158084,300,306,1
158095,302,308,7
158130,296,309,2
158131,223,310,4
158132,306,310,1
158136,305,311,6
158137,266,311,1
158143,284,312,2
158144,292,312,2
158163,290,313,3
158178,314,315,4
158191,310,316,6
158194,292,317,1
158195,317,318,7
158204,314,319,2
158205,319,320,10
158215,281,321,5
158216,299,321,8
158219,296,322,8
158220,301,322,7
158224,253,323,4
158225,314,323,4
158259,324,325,4
158260,324,326,4
158266,327,328,3
158267,327,329,9
158270,330,331,1
158271,302,332,6
158304,330,333,10
158308,301,334,10
158309,312,334,9
158326,305,335,5
158327,328,336,1
158334,324,337,4
158356,317,338,9
158375,339,340,9
158381,340,341,9
158390,322,342,6
158392,283,343,10
158394,341,344,7
158396,312,345,5
158397,317,345,10
158400,344,346,7
158401,346,347,3
158406,348,349,2
158407,280,348,10
158409,332,343,7
158418,337,350,4
158423,351,352,6
158427,353,354,6
158428,340,353,2
158436,262,355,9
158437,316,355,8
158438,356,357,9
158441,288,358,8
158442,353,358,10
158449,348,359,3
158452,299,360,7
158454,361,362,4
158455,356,361,2
158457,351,363,3
158464,364,365,9
158477,366,367,8
158483,327,368,4
158484,368,369,10
158485,323,370,4
158486,370,371,9
158488,322,372,7
158489,334,372,3
158490,373,374,3
158495,366,375,8
158503,376,377,9
158504,358,376,4
158513,316,378,9
158535,337,379,2
158536,375,379,5
158557,334,380,2
158558,345,380,6
158563,346,381,6
158564,333,381,8
158565,376,382,9
158575,373,383,3
158582,319,384,4
158583,351,384,1
158587,385,386,2
158592,387,388,8
158593,382,387,6
158607,387,389,8
158608,343,390,9
158609,386,390,1
158617,378,391,5
158620,345,392,7
158621,364,392,5
158622,372,393,4
158626,368,394,10
158627,332,394,10
158630,381,395,10
158636,396,397,3
158637,340,398,7
158641,398,399,9
158645,370,400,7
158657,321,401,3
158658,360,401,8
158661,399,402,7
158668,400,403,9
158674,389,404,7
158675,405,406,8
158676,396,405,5
158677,391,407,8
158679,358,408,10
158680,402,408,6
158681,375,409,8
158682,403,410,5
158683,410,411,8
158686,364,412,2
158687,412,413,6
158698,382,414,5
158712,398,415,7
158716,378,416,10
158717,404,416,10
158730,372,417,1
158731,380,417,9
158737,379,418,8
158750,389,419,2
158751,396,420,3
158752,420,421,10
158755,415,422,2
158756,341,422,7
158765,423,424,2
158766,401,423,8
158770,366,425,8
158778,394,426,3
158779,390,426,9
158786,373,394,4
158788,422,427,4
158798,404,428,7
158807,400,429,7
158811,425,430,3
158823,380,431,8
158824,392,431,7
158827,427,432,6
158828,344,432,3
158829,253,433,2
158830,429,433,1
158831,384,434,6
158832,405,434,4
158861,355,435,5
158862,407,435,9
158871,417,436,7
158889,391,437,4
158892,385,438,6
158893,423,438,10
158894,408,439,9
158896,395,440,8
158904,426,441,2
158905,385,441,3
158908,403,442,6
158911,432,443,5
158919,444,445,5
158922,392,446,6
158923,412,446,6
158952,356,447,8
158953,433,447,1
158954,439,448,5
158983,443,449,6
158984,442,450,2
158995,346,451,1
159007,448,452,8
159008,402,452,6
159013,453,454,7
159014,453,455,1
159015,361,455,6
159042,447,455,2
159045,456,457,2
159058,417,458,9
159059,431,458,1
159063,418,459,9
159064,456,459,3
159067,439,460,2
159068,425,461,8
159069,453,461,3
159073,452,462,2
159074,399,462,10
159081,407,463,5
159105,464,465,2
159110,412,466,9
159111,466,467,3
159116,462,468,8
159123,431,469,4
159124,446,469,7
159127,470,471,2
159128,416,470,4
159145,460,472,2
159149,465,473,2
159150,473,474,10
159167,475,476,3
159168,464,475,6
159172,477,478,1
159173,479,480,3
159174,463,479,2
159176,458,481,4
159180,468,482,6
159181,398,482,9
159185,410,483,4
159190,477,484,2
159191,484,485,10
159196,486,487,1
159197,470,486,1
159200,456,488,2
159201,461,488,3
159208,448,489,5
159209,472,490,3
159210,491,492,7
159220,451,493,9
159221,440,493,5
159224,463,494,7
159235,435,495,6
159260,496,497,5
159267,482,498,5
159268,415,498,5
159274,468,499,4
159275,418,500,2
159276,459,500,6
159277,452,501,3
159278,441,502,3
159282,359,503,5
159287,434,504,2
159288,504,505,2
159290,490,506,8
159323,507,508,3
159324,507,509,2
159352,495,510,6
159353,479,510,1
159354,444,511,9
159355,446,512,10
159356,466,512,4
159364,493,513,6
159365,455,514,7
159375,507,515,4
159376,427,515,2
159390,458,516,8
159391,469,516,7
159410,508,517,1
159411,518,519,8
159412,483,518,4
159421,439,520,1
159424,483,521,7
159425,491,521,5
159438,515,522,4
159439,443,522,2
159452,488,500,2
159453,523,524,9
159454,511,523,8
159459,474,525,2
159460,502,525,5
159463,469,526,10
159464,512,526,6
159505,510,527,8
159509,490,528,10
159511,529,530,9
159531,531,532,8
159532,449,531,5
159536,520,533,9
159548,520,534,7
159555,535,536,6
159556,466,537,4
159557,537,538,8
159560,473,539,10
159561,525,539,2
159564,460,534,4
159573,540,541,3
159595,542,543,1
159596,523,542,7
159597,484,544,10
159598,540,544,5
159611,526,545,7
159618,442,546,4
159619,518,546,9
159621,535,547,2
159622,547,548,7
159623,503,549,7
159629,464,550,4
159667,547,551,2
159668,551,552,8
159669,540,553,2
159672,527,554,2
159673,506,554,6
159682,504,555,10
159698,531,556,9
159699,513,556,3
159709,491,555,4
159710,557,558,4
159711,475,559,8
159712,550,559,9
159713,521,560,1
159724,497,561,4
159725,561,562,5
159748,551,563,6
159749,482,563,9
159751,532,564,7
159756,544,565,8
159758,542,566,6
159763,554,567,5
159775,568,569,9
159776,534,568,4
159781,570,571,5
159782,527,570,3
159799,533,572,9
159812,512,573,10
159813,537,573,5
159814,563,574,8
159815,574,575,3
159819,526,576,9
159827,567,577,2
159828,472,577,1
159845,578,579,5
159846,529,580,9
159847,545,580,6
159849,578,581,4
159853,578,582,1
159854,582,583,6
159855,565,582,8
159873,429,584,8
159874,585,586,5
159879,511,587,8
159880,559,587,9
159881,584,588,6
159891,574,589,8
159892,589,590,3
159901,496,591,7
159914,592,593,10
159917,577,594,8
159924,537,595,8
159932,596,597,2
159933,596,598,5
159944,589,599,2
159945,599,600,1
159946,581,601,10
159958,576,602,7
159959,553,603,9
159960,557,603,10
159982,591,604,5
159994,594,605,9
159995,568,605,6
160028,567,606,1
160057,545,607,6
160058,602,607,3
160063,605,608,4
160069,609,610,4
160070,561,610,3
160083,611,612,4
160086,577,613,1
160100,614,615,1
160103,556,616,6
160105,576,617,10
160106,595,617,9
160128,608,618,2
160135,585,619,5
160142,620,621,1
160154,549,622,8
160161,623,624,10
160174,584,625,6
160176,626,627,9
160178,607,628,9
160194,557,629,3
160195,625,629,4
160205,587,630,1
160209,629,631,2
160215,592,632,4
160216,633,634,9
160217,614,633,8
160229,594,635,7
160232,553,636,4
160234,554,637,9
160245,632,637,10
160248,628,638,9
160259,566,639,1
160273,591,640,5
160276,610,641,3
160277,640,641,3
160280,608,642,6
160281,617,643,9
160285,626,644,4
160286,563,644,8
160289,618,645,6
160292,603,646,4
160293,631,646,6
160301,636,647,4
160302,647,648,3
160303,637,649,1
160304,649,650,3
160338,649,651,1
160345,652,653,5
160346,652,654,2
160347,638,655,4
160355,644,656,2
160356,656,657,5
160360,601,658,5
160380,658,659,10
160384,565,660,8
160385,636,660,5
160394,656,661,2
160395,624,661,6
160401,662,663,3
160434,661,664,4
160438,632,665,10
160448,666,667,9
160451,641,668,8
160462,662,669,9
160467,665,670,5
160477,664,671,6
160478,671,672,3
160479,631,673,7
160486,666,674,6
160488,640,675,2
160489,495,675,5
160495,639,676,3
160500,643,677,8
160514,671,678,8
160515,678,679,10
160520,651,680,7
160521,605,680,2
160524,681,682,9
160525,676,681,7
160526,602,683,8
160527,643,683,5
160538,684,685,8
160545,686,687,5
160557,660,688,1
160571,675,689,4
160576,690,691,5
160577,688,690,3
160580,680,692,8
160581,692,693,1
160592,651,694,2
160593,690,695,8
160602,630,668,3
160627,581,696,9
160628,695,696,2
160631,684,697,9
160632,623,697,3
160636,698,699,10
160640,677,698,6
160649,689,700,3
160653,665,701,4
160654,696,702,5
160678,658,703,10
160679,702,703,5
160702,640,704,9
160718,614,705,4
160719,681,705,10
160728,596,706,3
160729,703,706,5
160732,666,707,4
160742,701,708,8
160743,708,709,6
160746,677,710,7
160749,711,712,2
160750,706,711,2
160755,644,713,8
160756,686,713,9
160769,704,714,10
160772,692,715,8
160781,707,716,8
160798,611,717,7
160799,711,717,6
160817,686,718,3
160830,708,719,6
160831,637,719,2
160840,720,721,8
160853,702,722,8
160867,633,723,4
160868,705,723,2
160869,620,724,3
160870,717,724,6
160879,715,725,2
160895,704,726,4
160903,710,727,10
160904,728,729,9
160905,724,728,2
160915,719,730,10
160922,676,731,10
160923,721,731,6
160929,652,732,5
160930,728,732,5
160942,722,733,8
160950,625,734,7
160958,720,735,3
160959,668,735,3
160964,726,736,5
160969,607,737,9
160970,683,737,10
160973,738,739,4
160974,732,738,3
160981,725,740,2
160996,734,741,4
161001,730,742,1
161002,742,743,7
161018,720,744,1
161019,735,744,3
161024,740,745,7
161025,687,745,8
161028,707,746,8
161030,747,748,3
161033,749,750,8
161034,749,751,7
161048,700,752,7
161056,742,753,4
161057,753,754,4
161058,588,755,10
161059,723,755,5
161093,721,756,6
161094,744,756,2
161098,628,757,2
161099,750,757,10
161105,758,759,3
161106,638,758,2
161112,688,760,1
161144,753,761,9
161145,680,761,7
161146,760,762,8
161151,758,763,6
161152,757,763,8
161153,764,765,1
161160,726,766,8
161168,730,767,10
161171,768,769,9
161172,764,768,1
161177,675,770,5
161178,731,771,8
161179,756,771,4
161191,698,772,3
161201,746,773,1
161202,745,774,6
161203,697,774,1
161204,772,775,10
161205,760,776,3
161206,647,776,1
161208,695,777,10
161209,768,777,6
161235,722,778,5
161236,777,778,4
161245,746,779,10
161247,734,780,4
161250,752,781,6
161256,766,782,1
161257,761,783,3
161258,783,784,1
161260,785,786,7
161266,787,788,6
161267,771,787,5
161273,780,789,8
161274,662,790,8
161275,755,790,2
161276,689,770,5
161280,725,791,2
161281,740,791,9
161293,767,792,4
161294,792,793,5
161295,794,795,2
161296,778,794,3
161301,710,796,8
161302,738,796,8
161307,776,797,6
161308,648,797,10
161309,781,798,7
161310,719,798,9
161314,794,799,5
161336,785,800,3
161338,783,801,4
161339,715,801,7
161344,802,803,1
161345,799,802,2
161346,779,804,6
161352,805,806,9
161353,787,805,8
161370,749,807,6
161377,717,808,8
161378,802,808,1
161385,805,809,4
161396,807,810,2
161400,724,811,6
161401,808,811,1
161413,812,813,9
161414,812,814,8
161427,728,815,4
161428,811,815,7
161429,778,816,5
161430,816,817,7
161435,801,818,6
161462,812,819,3
161463,819,820,10
161470,732,821,2
161471,815,821,4
161474,818,822,6
161475,791,822,4
161481,767,823,10
161495,796,824,10
161496,821,824,8
161503,747,825,3
161504,792,826,5
161505,826,827,8
161514,747,828,4
161529,762,829,3
161561,809,830,1
161570,819,831,5
161571,779,831,4
161572,832,833,8
161573,824,832,10
161581,822,834,10
161582,834,835,7
161589,823,836,3
161603,837,838,2
161604,832,837,9
161608,826,839,5
161632,825,840,8
161633,641,840,8
161636,772,841,2
161637,837,841,2
161638,808,842,6
161644,839,843,7
161645,781,844,2
161646,798,844,4
161656,780,845,2
161657,790,845,1
161675,807,846,7
161676,841,846,5
161689,816,847,1
161690,829,847,9
161691,831,848,8
161709,846,849,1
161712,850,851,9
161721,843,852,4
161722,761,852,3
161729,752,853,8
161731,823,854,9
161745,763,855,4
161746,850,855,7
161756,834,856,6
161757,774,856,9
161770,770,857,7
161777,771,858,7
161778,828,858,7
161782,840,859,9
161783,766,859,8
161784,843,860,4
161786,861,862,4
161787,845,861,6
161790,852,863,5
161791,783,863,3
161818,858,864,8
161845,824,865,1
161846,842,865,3
161863,863,866,10
161864,801,866,5
161879,790,867,7
161890,857,868,7
161891,853,868,9
161893,854,869,3
161894,836,869,10
161902,849,870,4
161905,867,871,7
161920,797,872,10
161921,861,872,10
161924,871,873,10
161930,866,874,5
161931,818,874,8
161948,841,875,7
161949,865,875,6
161952,830,876,3
161958,809,877,10
161959,864,877,1
161960,848,878,5
161972,876,879,3
161973,880,881,9
161980,859,882,10
161981,857,882,2
161986,829,883,5
161987,883,884,8
161988,884,885,7
161991,853,886,3
162001,834,887,2
162007,868,888,7
162008,853,888,7
162014,847,889,7
162015,883,889,2
162030,854,890,4
162040,871,891,7
162049,874,892,6
162050,822,892,7
162059,799,893,4
162060,893,894,6
162076,856,895,3
162077,874,896,8
162089,859,897,4
162092,890,898,1
162093,869,898,2
162094,819,899,1
162095,848,899,9
162098,879,900,1
162104,901,902,6
162105,901,903,5
162118,898,904,7
162123,905,906,5
162124,901,905,9
162142,906,907,7
162143,905,907,3
162146,830,908,6
162147,877,908,8
162164,904,909,10
162179,910,911,8
162182,912,913,10
162183,907,912,2
162190,878,914,4
162201,878,915,1
162203,900,916,10
162217,865,917,4
162218,912,917,8
162221,892,918,1
162222,885,919,9
162228,895,920,4
162234,921,922,5
162235,840,921,1
162253,917,923,2
162258,888,924,1
162259,844,924,3
162263,909,925,10
162264,852,925,4
162266,897,926,3
162267,910,926,4
162270,916,927,7
162287,896,928,10
162294,875,929,10
162295,923,929,5
162296,911,930,1
162297,888,930,5
162300,931,932,1
162301,900,931,10
162321,925,933,9
162322,863,933,4
162325,903,934,2
162334,927,935,8
162338,867,936,5
162339,936,937,2
162345,896,938,4
162346,918,938,6
162354,899,939,4
162361,935,940,3
162362,864,940,1
162363,918,941,7
162367,915,942,8
162368,855,942,7
162372,929,943,4
162380,813,944,8
162410,933,945,7
162411,866,945,3
162415,934,946,10
162428,931,947,8
162438,940,948,7
162454,919,949,7
162466,944,950,9
162482,930,951,1
162484,936,952,8
162485,894,953,1
162486,949,953,5
162495,935,954,5
162498,948,955,4
162499,921,955,1
162506,952,956,7
162507,873,956,5
162516,945,957,2
162524,926,958,3
162536,946,959,9
162547,956,960,7
162548,879,960,1
162553,951,961,1
162560,924,962,7
162568,939,963,7
162569,914,963,8
162577,845,964,6
162581,964,965,8
162582,943,966,2
162590,946,967,7
162602,952,968,7
162603,968,969,2
162604,890,970,4
162625,885,971,10
162631,939,972,1
162632,971,973,1
162647,958,974,10
162648,911,974,5
162652,975,976,8
162656,957,977,7
162657,938,977,3
162667,959,978,6
162668,962,979,6
162670,914,980,7
162671,915,980,8
162672,953,981,4
162684,970,982,9
162691,904,983,9
162714,976,984,7
162726,967,985,1
162727,959,985,9
162730,983,986,3
162731,909,986,7
162732,974,987,4
162733,930,987,3
162736,975,988,8
162737,916,988,2
162743,979,989,6
162744,970,989,4
162762,907,990,9
162763,967,990,8
162764,955,991,8
162765,923,992,8
162769,917,993,9
162770,993,994,4
162772,963,995,7
162784,978,996,2
162793,992,997,3
162800,972,998,5
162801,963,998,5
162806,999,1000,8
162807,957,999,2
162818,980,1001,9
162827,988,1002,9
162828,927,1002,7
162829,985,1003,10
162830,991,1004,6
162831,1004,1005,6
162835,966,1006,2
162852,986,1007,7
162853,925,1007,2
162864,1008,1009,3
162867,978,1010,7
162878,968,1011,10
162882,1011,1012,4
162889,966,1013,7
162901,1007,1014,10
162902,933,1014,1
162905,1004,1015,1
162906,897,1015,1
162907,1002,1016,3
162917,1006,1017,5
162918,929,1017,10
162928,1008,1018,2
162939,981,1019,5
162940,975,1020,8
162953,1014,1021,7
162954,945,1021,5
162968,1016,1022,5
162982,948,1023,6
162987,1010,1024,9
162988,996,1024,1
162991,999,1025,3
162996,990,1026,4
162997,1003,1026,4
163001,1011,1027,9
163004,934,1028,7
163005,1019,1028,9
163018,1008,1029,5
163026,987,1030,7
163030,1017,1031,3
163041,1027,1032,7
163047,1023,1033,5
163048,991,1033,6
163051,1001,1034,6
163052,943,1034,5
163066,977,1035,3
163079,1025,1036,2
163101,1021,1025,4
163102,996,1037,7
163103,1028,1037,6
163113,971,1038,4
163120,919,1039,9
163121,1038,1039,3
163127,1038,1040,7
163128,964,1040,3
163131,1030,1041,5
163132,951,1041,7
163137,949,1042,7
163138,1039,1042,5
163144,1016,1043,5
163177,1026,1044,1
163192,981,1045,4
163193,1042,1045,2
163194,1031,1046,6
163195,992,1046,2
163209,1033,1047,4
163210,1015,1047,4
163213,990,1048,1
163214,998,1049,4
163215,995,1049,6
163236,1022,1050,10
163245,1040,1051,1
163246,1027,1051,5
163256,1045,1052,5
163260,1048,1053,2
163299,1024,1054,1
163300,1037,1054,9
163306,989,1055,7
163307,1046,1056,1
163308,1056,1057,1
163312,1058,1059,4
163313,944,1059,1
163332,1051,1060,9
163358,1047,1061,5
163359,958,1061,9
163372,1055,1062,1
163373,982,1062,8
163382,1060,1063,1
163383,988,1063,3
163396,1034,1064,7
163405,972,1065,1
163406,1040,1066,9
163408,1048,1067,8
163435,1056,1068,8
163436,993,1068,5
163437,1053,1068,4
163438,1068,1069,4
163441,1062,1070,3
163442,1034,1071,3
163443,1006,1071,4
163444,1054,1072,1
163449,1073,1074,2
163452,1021,1075,5
163453,1075,1076,3
163454,1077,1078,1
163455,1044,1077,5
163456,1053,1079,10
163470,1044,1080,10
163489,1061,1081,8
163490,1030,1081,10
163501,1066,1082,9
163502,1051,1082,10
163511,1071,1083,10
163512,1017,1083,1
163514,1073,1084,9
163515,1007,1084,6
163520,1014,1085,3
163522,1084,1085,10
163530,1037,1086,9
163537,1085,1087,6
163538,1075,1087,9
163546,1077,1088,5
163556,1068,1089,4
163557,1088,1089,9
163563,1081,1090,3
163564,1041,1090,8
163571,1060,1091,8
163572,1063,1092,1
163573,1033,1092,3
163584,1076,1093,1
163585,1093,1094,10
163586,1049,1095,1
163596,1065,1096,9
163599,1068,1097,7
163617,1090,1098,4
163618,961,1098,4
163643,1099,1100,1
163648,1076,1101,4
163674,1097,1102,8
163683,1098,1103,7
163684,979,1103,1
163704,1083,1104,10
163705,1031,1104,10
163708,1089,1105,8
163709,1105,1106,1
163713,1059,1107,9
163725,1103,1108,6
163726,1055,1108,7
163752,1097,1109,1
163764,1092,1110,2
163765,1061,1110,7
163767,1108,1111,1
163774,1093,1112,10
163782,1113,1114,6
163783,1083,1113,10
163784,1105,1115,3
163793,1111,1116,1
163794,1062,1116,3
163795,1109,1115,1
163811,1088,1117,6
163812,1080,1117,6
163831,1072,1118,7
163832,1086,1118,4
163835,1116,1119,7
163841,1117,1120,5
163842,1121,1122,2
163851,1122,1123,6
163854,1070,1124,2
163859,1045,1125,3
163871,1121,1126,10
163872,1066,1126,5
163888,1104,1127,8
163889,1046,1127,5
163890,1102,1128,10
163894,1096,1129,2
163896,1126,1130,4
163907,1124,1131,8
163909,1113,1132,4
163916,1084,1133,5
163917,1131,1133,6
163920,1102,1134,3
163926,1019,1135,10
163927,1125,1135,3
163953,1085,1136,6
163954,1100,1136,4
163978,1133,1137,10
163979,1130,1138,1
163980,1082,1138,9
163983,1129,1139,1
163990,1118,1140,9
163994,1132,1141,5
164004,1115,1142,5
164005,1120,1142,7
164008,1134,1143,7
164011,1138,1144,10
164018,1101,1145,10
164019,1112,1145,3
164035,1110,1146,8
164060,1090,1147,4
164061,1098,1147,2
164065,1144,1148,8
164066,1063,1148,7
164076,1136,1149,6
164077,1099,1149,10
164089,1146,1147,8
164107,1128,1150,8
164108,1142,1150,10
164117,1151,1152,10
164118,1143,1151,7
164126,1148,1153,10
164145,1150,1154,9
164147,1129,1155,6
164172,1156,1157,3
164173,1149,1156,10
164188,1153,1158,7
164208,1128,1159,6
164209,1154,1159,10
164210,1118,1160,2
164211,1135,1160,6
164223,1158,1161,8
164224,1092,1161,3
164229,1162,1163,7
164230,1162,1164,1
164239,1155,1165,3
164240,1160,1166,7
164262,1167,1168,4
164274,1138,1169,7
164280,1165,1170,7
164281,1096,1170,9
164298,1142,1171,3
164332,1169,1172,7
164336,1161,1173,10
164368,1132,1174,3
164369,1162,1174,2
164389,1123,1175,10
164394,1175,1176,8
164401,1177,1178,1
164402,1175,1179,1
164411,1170,1180,7
164412,1180,1181,4
164415,1182,1183,7
164416,1182,1184,7
164417,1182,1185,1
164420,1183,1186,8
164421,1173,1187,3
164422,1146,1187,8
164426,1186,1188,5
164427,1065,1188,8
164432,1183,1189,1
164433,1184,1189,6
164438,1180,1189,4
164439,1134,1190,8
164440,1159,1190,3
164444,1149,1191,8
164445,1167,1191,10
164455,1179,1192,5
164456,1122,1192,4
164493,1193,1194,7
164494,1121,1193,2
164504,1193,1195,8
164505,1130,1195,8
164519,1177,1196,10
164520,1196,1197,4
164523,1144,1198,10
164524,1174,1199,7
164528,1187,1200,4
164529,1200,1201,1
164540,1202,1203,3
164541,1180,1204,4
164543,1158,1205,2
164546,1143,1206,1
164547,1206,1207,5
164552,1204,1208,1
164567,1165,1209,3
164568,1205,1210,6
164591,1200,1211,8
164593,1212,1213,4
164594,1120,1214,8
164595,1166,1214,7
164597,1185,1215,10
164615,1188,1216,10
164620,1184,1217,1
164621,1212,1218,10
164622,1111,1218,6
164627,1199,1219,9
164631,1166,1220,6
164632,1220,1221,10
164633,1216,1222,7
164645,1218,1223,4
164654,1155,1224,7
164679,1224,1225,2
164680,1223,1226,6
164681,1119,1226,2
164699,1164,1227,9
164700,1206,1227,3
164709,1226,1228,4
164711,1156,1229,6
164712,1191,1229,7
164719,1131,1230,9
164731,1231,1232,10
164732,1179,1231,1
164738,1153,1233,2
164741,1230,1234,9
164759,1204,1235,1
164760,1235,1236,8
164777,1202,1237,2
164782,1216,1238,4
164784,1231,1239,9
164785,1194,1239,1
164794,1237,1240,6
164801,1235,1241,9
164803,1234,1242,7
164804,1242,1243,1
164826,1238,1244,2
164827,1173,1245,5
164858,1224,1246,2
164859,1246,1247,10
164862,1248,1249,7
164863,1227,1248,4
164888,1242,1250,8
164889,1229,1250,2
164907,1220,1251,7
164908,1251,1252,3
164925,1219,1253,5
164938,1254,1255,7
164939,1254,1256,3
164946,1248,1257,4
164966,1207,1258,2
164982,1238,1259,1
164983,1259,1260,6
164995,1261,1262,8
165002,1211,1263,4
165013,1193,1264,2
165014,1258,1265,9
165015,1154,1265,4
165022,1264,1266,7
165023,1237,1266,8
165032,1267,1268,9
165041,1268,1269,4
165042,1231,1269,5
165045,1266,1270,2
165050,1214,1271,3
165051,1220,1271,6
165058,1251,1272,3
165059,1267,1272,10
165060,1273,1274,6
165061,1259,1273,6
165070,1275,1276,10
165071,1261,1275,2
165076,1226,1277,4
165077,1269,1278,5
165078,1239,1278,6
165089,1199,1279,9
165090,1257,1279,8
165091,1280,1281,4
165092,1263,1280,7
165093,1282,1283,3
165094,1282,1284,10
165106,1278,1285,5
165107,1264,1285,2
165119,1286,1287,7
165120,1275,1286,8
165123,1263,1288,8
165126,1235,1289,1
165127,1282,1289,3
165147,1272,1290,6
165154,1257,1291,6
165157,1292,1293,9
165158,1187,1292,8
165164,1294,1295,3
165165,1286,1294,2
165170,1296,1297,5
165171,1289,1296,9
165180,1291,1298,6
165181,1298,1299,6
165182,1294,1298,3
165216,1228,1300,10
165224,1268,1301,5
165232,1256,1302,9
165233,1302,1303,7
165258,1265,1304,10
165262,1284,1305,3
165266,1280,1306,9
165297,1219,1307,1
165298,1279,1307,5
165305,1291,1308,4
165312,1169,1309,7
165317,1254,1310,7
165318,1310,1311,6
165333,1266,1312,1
165337,1307,1313,5
165340,1290,1314,2
165345,1303,1315,6
165359,1311,1316,7
165383,1267,1317,2
165384,1301,1317,10
165394,1269,1318,2
165405,1319,1320,1
165406,1313,1319,8
165412,1271,1321,2
165421,1292,1322,6
165422,1306,1322,1
165424,1319,1323,9
165426,1318,1324,4
165427,1278,1324,10
165429,1312,1325,2
165450,1325,1326,7
165451,1198,1326,8
165474,1327,1328,1
165475,1323,1327,2
165516,1329,1330,8
165517,1329,1331,5
165518,1290,1332,5
165519,1317,1332,3
165521,1279,1333,7
165547,1321,1334,1
165548,1314,1334,7
165555,1329,1335,5
165573,1312,1336,7
165574,1245,1337,1
165575,1337,1338,5
165579,1335,1339,3
165600,1339,1340,2
165614,1336,1341,8
165615,1325,1341,6
165636,1313,1342,8
165637,1245,1343,6
165638,1337,1343,1
165650,1340,1344,10
165654,1259,1345,9
165661,1333,1346,1
165667,1347,1348,8
165668,1322,1347,5
165672,1314,1349,7
165673,1332,1349,3
165676,1306,1350,9
165677,1350,1351,9
165682,1345,1352,6
165691,1353,1354,3
165692,1352,1353,9
165693,1351,1355,4
165694,1223,1355,7
165699,1301,1356,5
165704,1318,1357,10
165728,1358,1359,10
165729,1326,1358,6
165731,1353,1360,6
165732,1361,1362,5
165733,1234,1361,9
165740,1337,1363,7
165741,1364,1365,8
165743,1323,1366,8
165746,1358,1367,1
165747,1198,1367,10
165748,1357,1368,4
165749,1324,1368,5
165765,1347,1369,5
165766,1350,1369,7
165767,1233,1367,1
165772,1355,1370,9
165780,1371,1372,10
165781,1364,1371,5
165787,1371,1373,3
165793,1368,1374,1
165794,1285,1374,4
165815,1289,1375,6
165816,1373,1375,5
165851,1336,1376,6
165852,1377,1378,4
165853,1375,1377,6
165855,1349,1379,3
165856,1317,1380,4
165857,1356,1380,4
165886,1376,1381,1
165887,1359,1381,5
165915,1382,1383,6
165916,1377,1382,6
165917,1333,1384,4
165946,1385,1386,4
165947,1382,1385,7
165967,1310,1387,9
165968,1385,1387,10
165986,1352,1388,10
165987,1380,1389,4
166001,1344,1390,1
166002,1340,1390,5
166018,1332,1391,5
166019,1380,1391,5
166032,1360,1392,7
166033,1388,1392,4
166062,1335,1393,6
166078,1370,1394,7
166083,1373,1395,9
166084,1392,1395,6
166133,1376,1396,1
166136,1392,1397,4
166152,1396,1398,5
166153,1381,1398,5
166161,1349,1399,4
166162,1391,1399,3
166182,1395,1400,5
166183,1397,1400,5
166207,1397,1401,9
166210,1390,1402,6
166211,1339,1402,6
166225,1397,1403,3
166226,1401,1403,6
166263,1369,1404,1
166271,1400,1405,1
166272,1403,1405,8
166281,1406,1407,2
166290,1399,1408,3
166318,1406,1409,8
166319,1409,1410,6
166330,1401,1411,3
166331,1412,1413,3
166332,1343,1414,1
166333,1412,1414,7
166334,1409,1415,6
166335,1233,1415,6
166345,1415,1416,5
166348,1205,1417,1
166355,1414,1417,9
166370,1396,1418,3
166372,1331,1419,9
166396,1374,1420,7
166405,1418,1421,10
166406,1407,1421,4
166434,1412,1422,7
166477,1404,1423,2
166489,1422,1424,7
166492,1406,1425,8
166495,1415,1426,3
166524,1404,1427,7
166525,1351,1427,9
166537,1423,1428,5
166556,1345,1429,4
166571,1422,1430,5
166572,1428,1430,7
166614,1416,1431,2
166644,1403,1432,4
166669,1418,1433,5
166670,1421,1433,5
166697,1375,1434,6
166710,1430,1435,4
166719,1436,1437,4
166720,1435,1436,10
166865,1438,1439,10
166866,1436,1438,4
166872,1387,1440,3
166887,1435,1441,5
166904,1428,1441,10
167043,1438,1442,3
167044,1441,1442,5
167080,1368,1443,9
167084,1443,1444,8
167085,1433,1444,4
167095,1427,1445,10
167333,1446,1447,10
167334,1446,1448,2
167339,1449,1450,5
167386,1451,1452,8
167400,1442,1453,4
167403,1448,1453,7
167416,1451,1454,1
167433,1443,1455,3
167467,1444,1456,9
167540,1455,1457,6
167579,1423,1458,9
167586,1455,1459,1
167598,1449,1460,8
167599,1458,1460,8
167613,1449,1461,3
167614,1460,1461,1
167678,1451,1462,2
167679,1461,1462,9
167690,1463,1464,8
167691,1463,1465,10
167709,1462,1465,9
167722,1448,1466,4
167724,1459,1467,9
167726,1446,1468,7
167727,1466,1468,10
167734,1427,1469,10
167781,1453,1470,10
167782,1463,1470,4
167824,1466,1471,3
167829,1460,1472,6
167888,1467,1473,3
167966,1465,1474,5
168006,1470,1475,8
168010,1459,1476,9
168110,1476,1477,1
168111,1477,1478,4
168155,1458,1479,7
168276,1480,1481,3
168277,1480,1482,10
168285,1482,1483,7
168332,1476,1484,2
168333,1477,1484,1
168342,1485,1486,10
168343,1480,1485,3
168412,1484,1487,3
168598,1485,1488,3
168599,1482,1488,10
168792,1489,1490,5
168857,1488,1491,4
168858,1491,1492,7
168923,1493,1494,5
168941,1495,1496,6
168952,1489,1497,5
168953,1497,1498,8
169059,1499,1500,10
169082,1491,1501,7
169083,1495,1501,10
169097,1493,1502,6
169224,1497,1503,8
169225,1503,1504,7
169244,1502,1505,1
169291,1505,1506,10
169306,1507,1508,3
169340,1506,1509,3
169376,1507,1510,8
169377,1494,1510,7
169385,1495,1511,3
169409,1510,1512,4
169422,1509,1513,2
169423,1489,1513,8
169429,1503,1514,6
169430,1514,1515,3
169479,1513,1516,2
169488,1512,1517,7
169489,1493,1517,5
169532,1518,1519,5
169533,1506,1518,3
169551,1501,1520,5
169602,1521,1522,1
169603,1502,1521,6
169624,1507,1523,6
169644,1524,1525,2
169645,1518,1524,4
169719,1526,1527,7
169732,1505,1528,5
169772,1522,1529,7
169774,1530,1531,9
169775,1509,1530,10
169778,1512,1532,1
169800,1533,1534,7
169801,1516,1533,8
169826,1516,1535,8
169836,1528,1536,2
169911,1536,1537,2
169912,1531,1537,10
169916,1530,1533,6
169920,1527,1538,4
170009,1535,1539,9
170036,1540,1541,10
170037,1526,1540,4
170041,1538,1542,10
170050,1543,1544,2
170059,1539,1544,4
170085,1545,1546,4
170099,1540,1547,7
170110,1547,1548,5
170111,1536,1548,5
170155,1545,1549,5
170159,1542,1550,5
170160,1541,1550,7
170166,1544,1551,8
170167,1551,1552,4
170216,1547,1553,1
170218,1548,1554,9
170272,1545,1555,7
170273,1555,1556,9
170332,1550,1557,2
170348,1535,1558,9
170350,1552,1559,1
170351,1557,1560,7
170357,1549,1561,10
170358,1555,1561,5
170361,1553,1562,10
170397,1563,1564,2
170398,1559,1564,2
170440,1553,1565,1
170441,1554,1565,6
170484,1537,1566,8
170485,1558,1566,3
170486,1555,1567,3
170487,1567,1568,6
170515,1565,1569,4
170545,1570,1571,6
170546,1549,1570,5
170547,1554,1572,5
170548,1566,1572,2
170562,1564,1573,2
170570,1561,1574,7
170571,1574,1575,1
170573,1562,1576,4
170574,1569,1576,1
170599,1559,1577,3
170606,1576,1578,3
170639,1572,1579,1
170640,1569,1580,10
170674,1573,1581,1
170675,1577,1581,10
170732,1575,1582,3
170733,1582,1583,1
170768,1579,1584,7
170801,1565,1585,8
170802,1584,1585,3
170803,1558,1586,3
170804,1563,1586,7
170820,1585,1587,8
170821,1577,1588,3
170841,1581,1589,1
170842,1588,1589,2
170864,1570,1590,6
170865,1574,1590,4
170898,1580,1591,10
170899,1587,1591,7
170984,1579,1592,8
170985,1586,1592,2
171006,1590,1593,6
171027,1593,1594,7
171028,1594,1595,1
171057,1588,1596,6
171060,1580,1597,8
171068,1594,1598,6
171069,1582,1598,8
171093,1589,1599,9
171094,1596,1599,9
171108,1584,1600,9
171109,1592,1600,9
171130,1586,1601,8
171131,1573,1601,4
171190,1599,1602,7
171234,1600,1603,10
171281,1596,1604,3
171287,1592,1605,3
171288,1601,1605,7
171322,1602,1606,5
171323,1604,1606,6
171401,1603,1607,5
171402,1605,1607,4
171413,1601,1608,6
171414,1589,1608,2
171452,1607,1609,5
171460,1604,1610,6
171518,1606,1611,10
171519,1610,1611,4
171529,1608,1612,5
171561,1605,1613,1
171562,1608,1613,9
171680,1610,1614,10
171684,1607,1615,4
171685,1613,1615,7
171693,1612,1616,4
171694,1602,1616,7
171702,1613,1617,6
171703,1612,1617,10
171716,1614,1618,9
171739,1611,1619,9
171809,1619,1620,1
171812,1617,1621,4
171831,1616,1621,1
171850,1616,1622,4
171878,1614,1623,2
171903,1615,1624,9
171916,1622,1625,5
171917,1619,1625,9
171921,1626,1627,6
171924,1624,1626,10
171946,1621,1626,3
171971,1623,1628,10
172014,1622,1629,6
172105,1623,1630,5
172162,1630,1631,2
172296,1630,1632,5
172306,1631,1632,2
