id,lat,lon
0,35.2089737438382 ,129.6782826242920 
1,35.2086426654960 ,129.6777907611480 
2,35.2085517380787 ,129.6779171106770 
3,35.2084615445194 ,129.6773041711210 
4,35.2111064154367 ,129.6773570948350 
5,35.2113830434287 ,129.6775421836330 
6,35.2110082194330 ,129.6775765272960 
7,35.2106977671789 ,129.6773230847700 
8,35.2105367993852 ,129.6772299687650 
9,35.2112395636479 ,129.6770468645000 
10,35.2115936857624 ,129.6773182104480 
11,35.2108225246769 ,129.6770293911190 
12,35.2109440395667 ,129.6770985678280 
13,35.2105948746059 ,129.6768894850670 
14,35.2109292563204 ,129.6767550030770 
15,35.2112845266450 ,129.6769426726990 
16,35.2122484243169 ,129.6768559719230 
17,35.2122826738733 ,129.6767078550700 
18,35.2114262672058 ,129.6766385555860 
19,35.2106921153660 ,129.6766113550790 
20,35.2122679509690 ,129.6766288050500 
21,35.2122987493412 ,129.6766366783510 
22,35.2124037229090 ,129.6766071901340 
23,35.2120844167273 ,129.6764738782530 
24,35.2115572948176 ,129.6770350016800 
25,35.2110530508466 ,129.6764029525230 
26,35.2108708999478 ,129.6763063975710 
27,35.2130943047813 ,129.6763701554230 
28,35.2087097627305 ,129.6761771071550 
29,35.2111099799306 ,129.6762542100790 
30,35.2092080857321 ,129.6763132024160 
31,35.2125948240080 ,129.6762545988800 
32,35.2117579994578 ,129.6762037870510 
33,35.2116947424210 ,129.6761485319120 
34,35.2086896699336 ,129.6760289273950 
35,35.2107607433486 ,129.6760801220750 
36,35.2103346285716 ,129.6774528454680 
37,35.2129044542671 ,129.6761443440340 
38,35.2122203851536 ,129.6761187913000 
39,35.2122138350573 ,129.6761985149120 
40,35.2089476559940 ,129.6760003465640 
41,35.2086863365820 ,129.6759886787870 
42,35.2091972044892 ,129.6759649702000 
43,35.2091924436768 ,129.6761356636770 
44,35.2121135924467 ,129.6760586753850 
45,35.2146094674232 ,129.6761200561630 
46,35.2142901963964 ,129.6765833824990 
47,35.2142119107314 ,129.6761001376570 
48,35.2094594303679 ,129.6759420174720 
49,35.2094319545245 ,129.6764076944390 
50,35.2150795959375 ,129.6761241743690 
51,35.2154681323195 ,129.6764436651680 
52,35.2102669035360 ,129.6759513768140 
53,35.2097002118790 ,129.6759211051390 
54,35.2097303313177 ,129.6765643288500 
55,35.2099952588215 ,129.6759036898660 
56,35.2099153105314 ,129.6764630215370 
57,35.2089413237446 ,129.6758601657520 
58,35.2121377177245 ,129.6759417897120 
59,35.2118781397060 ,129.6759277765840 
60,35.2114376940388 ,129.6759119415680 
61,35.2113371847785 ,129.6761278699550 
62,35.2125844090114 ,129.6759362159420 
63,35.2086646412687 ,129.6757601681910 
64,35.2071661001056 ,129.6760416846690 
65,35.2091937237721 ,129.6757658742120 
66,35.2094376685267 ,129.6757419775700 
67,35.2128233727041 ,129.6758510864000 
68,35.2119458999856 ,129.6757666938700 
69,35.2115169742110 ,129.6757392300750 
70,35.2124201145118 ,129.6757452116280 
71,35.2112455004733 ,129.6756901761150 
72,35.2097269188084 ,129.6756365443390 
73,35.2086654581738 ,129.6755831710520 
74,35.2116900664689 ,129.6756852170810 
75,35.2111309050575 ,129.6755690802040 
76,35.2092394157950 ,129.6755522681420 
77,35.2100292234934 ,129.6753864180750 
78,35.2086840188411 ,129.6752849665880 
79,35.2108495418273 ,129.6753560538020 
80,35.2105941086833 ,129.6758612558650 
81,35.2109912771214 ,129.6753576190700 
82,35.2109509240465 ,129.6753552650920 
83,35.2105514456762 ,129.6752121244310 
84,35.2104200550982 ,129.6754685499730 
85,35.2093629340424 ,129.6751106717470 
86,35.2097567801903 ,129.6754512353610 
87,35.2091511787600 ,129.6753469590750 
88,35.2128545095798 ,129.6751751974480 
89,35.2128274749597 ,129.6751626449670 
90,35.2157731098042 ,129.6752579806930 
91,35.2111642588826 ,129.6750857459300 
92,35.2127031007016 ,129.6751081281900 
93,35.2125841911738 ,129.6750675144340 
94,35.2123350902006 ,129.6754137442360 
95,35.2110298520918 ,129.6750010533020 
96,35.2091370639098 ,129.6748583046610 
97,35.2123691295467 ,129.6749503242070 
98,35.2119681665683 ,129.6754919288410 
99,35.2121874142879 ,129.6747958037090 
100,35.2119103453173 ,129.6751462609000 
101,35.2094837417901 ,129.6746960878010 
102,35.2097214884238 ,129.6752390861720 
103,35.2093572588150 ,129.6746668924890 
104,35.2113507811934 ,129.6747299181210 
105,35.2115105529523 ,129.6749217985720 
106,35.2096905358606 ,129.6746332305240 
107,35.2098604738083 ,129.6750148176090 
108,35.2101048985714 ,129.6746444278010 
109,35.2100760837685 ,129.6746232406620 
110,35.2131264073706 ,129.6747147784100 
111,35.2132847474389 ,129.6747230635030 
112,35.2097832469486 ,129.6746043672200 
113,35.2106444562157 ,129.6745966078100 
114,35.2105827852749 ,129.6747115733900 
115,35.2092062949588 ,129.6745096141330 
116,35.2115242918160 ,129.6745805400280 
117,35.2116295686402 ,129.6746965262000 
118,35.2113624052704 ,129.6746881006590 
119,35.2120192374591 ,129.6745765423220 
120,35.2117727247457 ,129.6748885480550 
121,35.2114801710439 ,129.6745320898030 
122,35.2129045334581 ,129.6745682021840 
123,35.2105077596224 ,129.6744562628640 
124,35.2096315312241 ,129.6744110406700 
125,35.2137266544683 ,129.6745454376740 
126,35.2204248007091 ,129.6747533122400 
127,35.2201810730748 ,129.6751748941920 
128,35.2084987824875 ,129.6743217235240 
129,35.2080375454025 ,129.6744503342680 
130,35.2135791009789 ,129.6744822692840 
131,35.2121193041689 ,129.6744250955100 
132,35.2122178662446 ,129.6745391465810 
133,35.2119962806402 ,129.6745387358150 
134,35.2088986692409 ,129.6743190638770 
135,35.2089026755464 ,129.6743034140800 
136,35.2195794287633 ,129.6746497282580 
137,35.2127501361528 ,129.6744070300690 
138,35.2118901675621 ,129.6743777779160 
139,35.2117816708716 ,129.6745220860530 
140,35.2133635718259 ,129.6744244181400 
141,35.2143724535891 ,129.6744489533060 
142,35.2093830286397 ,129.6742526200860 
143,35.2233555979365 ,129.6746982245040 
144,35.2231518590715 ,129.6750813313210 
145,35.2143877917389 ,129.6743983357320 
146,35.2153457070359 ,129.6744548224780 
147,35.2118157492768 ,129.6743115222180 
148,35.2098281264616 ,129.6742363486140 
149,35.2210737593408 ,129.6746030586660 
150,35.2111071669471 ,129.6742484718470 
151,35.2109170208464 ,129.6744817015400 
152,35.2122875528939 ,129.6742844629830 
153,35.2126374112968 ,129.6746534406350 
154,35.2138507082355 ,129.6743278721660 
155,35.2117180373039 ,129.6742290635170 
156,35.2116369728832 ,129.6743615777780 
157,35.2099327278064 ,129.6741217631060 
158,35.2123631985373 ,129.6741932831420 
159,35.2125878251533 ,129.6741835002390 
160,35.2116121613963 ,129.6741401616420 
161,35.2115369701560 ,129.6742553713860 
162,35.2107861825445 ,129.6740890425510 
163,35.2084355819661 ,129.6739899605520 
164,35.2100268675598 ,129.6740346231750 
165,35.2128808444751 ,129.6741049425950 
166,35.2206392896527 ,129.6743551294590 
167,35.2195388162126 ,129.6743152295980 
168,35.2090223104597 ,129.6739481440110 
169,35.2093881537816 ,129.6740589520810 
170,35.2198287784844 ,129.6742348514420 
171,35.2232556032193 ,129.6743624468140 
172,35.2229155878871 ,129.6743252058220 
173,35.2222560362594 ,129.6755720936180 
174,35.2125706113173 ,129.6739750250390 
175,35.2097715998357 ,129.6738701486500 
176,35.2095801075448 ,129.6740432935600 
177,35.2127444010011 ,129.6740932602980 
178,35.2233616560836 ,129.6742777438150 
179,35.2090670738858 ,129.6738082671780 
180,35.2097684692970 ,129.6738079494530 
181,35.2212245288769 ,129.6741832226820 
182,35.2232049722795 ,129.6742454924520 
183,35.2112801057717 ,129.6738510268810 
184,35.2236156031036 ,129.6742407875500 
185,35.2096344303433 ,129.6737702737130 
186,35.2204076035024 ,129.6740665088920 
187,35.2080787944298 ,129.6736413626950 
188,35.2079180310473 ,129.6736662788860 
189,35.2103818919098 ,129.6736603103580 
190,35.2106119997073 ,129.6740013314730 
191,35.2082020767344 ,129.6735860561230 
192,35.2115384610220 ,129.6736910504700 
193,35.2091367813213 ,129.6735971634010 
194,35.2232608623813 ,129.6740544874640 
195,35.2110678901337 ,129.6736368436720 
196,35.2197470226408 ,129.6739209609940 
197,35.2234969933916 ,129.6740337591570 
198,35.2124918845931 ,129.6736705260430 
199,35.2120812390379 ,129.6736440157540 
200,35.2116001189911 ,129.6736594513450 
201,35.2208637638973 ,129.6739318813450 
202,35.2119011516666 ,129.6740782834330 
203,35.2234240760247 ,129.6740015129540 
204,35.2083467092045 ,129.6734947414120 
205,35.2081636173040 ,129.6734533995590 
206,35.2104213090700 ,129.6736094557770 
207,35.2114829285530 ,129.6735410171860 
208,35.2113604925893 ,129.6735325403810 
209,35.2197039891922 ,129.6737723516080 
210,35.2235374455696 ,129.6738851381610 
211,35.2106748916105 ,129.6734424619600 
212,35.2108068697162 ,129.6737517886530 
213,35.2233930658774 ,129.6738567226660 
214,35.2203379104230 ,129.6737355131540 
215,35.2124178048989 ,129.6734742520720 
216,35.2120941700453 ,129.6735940066090 
217,35.2146590321838 ,129.6735024963240 
218,35.2148735109118 ,129.6735887886960 
219,35.2235723091347 ,129.6737473138190 
220,35.2077026043143 ,129.6732214600070 
221,35.2078125644147 ,129.6733931690370 
222,35.2234198735845 ,129.6737330456780 
223,35.2083550657433 ,129.6734860957450 
224,35.2082748015644 ,129.6732319938470 
225,35.2144297059526 ,129.6734191482510 
226,35.2143251024215 ,129.6738778636020 
227,35.2079356514365 ,129.6731937677630 
228,35.2107020594978 ,129.6732769601270 
229,35.2125170608485 ,129.6733275797570 
230,35.2105149181227 ,129.6732341120710 
231,35.2141410148966 ,129.6733273342940 
232,35.2143819183239 ,129.6734028273390 
233,35.2140177965111 ,129.6739339963860 
234,35.2209876931089 ,129.6735351827760 
235,35.2235853322193 ,129.6736039686320 
236,35.2234843873009 ,129.6736040866930 
237,35.2116047650631 ,129.6732070782220 
238,35.2117083615561 ,129.6732653697550 
239,35.2211207831132 ,129.6735011208970 
240,35.2239575977001 ,129.6736343735770 
241,35.2237067212456 ,129.6737489807520 
242,35.2138654872790 ,129.6732386976310 
243,35.2141306725758 ,129.6733239071500 
244,35.2137184658137 ,129.6738713378940 
245,35.2122349566568 ,129.6731670247280 
246,35.2213826171042 ,129.6734321679740 
247,35.2214581817317 ,129.6738669839100 
248,35.2202711166838 ,129.6733943195370 
249,35.2198710965699 ,129.6735304486030 
250,35.2135889477238 ,129.6731448820720 
251,35.2131572456846 ,129.6736189357950 
252,35.2105358771690 ,129.6730310113470 
253,35.2147647393292 ,129.6731594380300 
254,35.2121471846639 ,129.6730615632170 
255,35.2121341303769 ,129.6730470685440 
256,35.2120503205321 ,129.6731191117970 
257,35.2144584530315 ,129.6730866037010 
258,35.2234828523697 ,129.6733741375870 
259,35.2127276352055 ,129.6730171322930 
260,35.2126846775391 ,129.6732346126260 
261,35.2125991217719 ,129.6730352174190 
262,35.2093692750466 ,129.6728936002780 
263,35.2218477730453 ,129.6732981739210 
264,35.2130123657146 ,129.6729887324120 
265,35.2129626205825 ,129.6734241948450 
266,35.2127582736965 ,129.6730195096500 
267,35.2241014692881 ,129.6733354214380 
268,35.2240114517700 ,129.6735290832420 
269,35.2133680045416 ,129.6729688339590 
270,35.2132628230382 ,129.6732244162160 
271,35.2117246042302 ,129.6729125272550 
272,35.2118561275437 ,129.6730067290350 
273,35.2098744757043 ,129.6728460142650 
274,35.2122411861934 ,129.6729232956270 
275,35.2220831132201 ,129.6732304092130 
276,35.2100189966707 ,129.6728298264540 
277,35.2210184058816 ,129.6731838043960 
278,35.2101080400363 ,129.6728203960340 
279,35.2142157680045 ,129.6729451791320 
280,35.2235705739953 ,129.6732397634580 
281,35.2105167778282 ,129.6727675873320 
282,35.2107162483016 ,129.6727494276080 
283,35.2107663691723 ,129.6727493559990 
284,35.2202090445478 ,129.6730560263260 
285,35.2198740471541 ,129.6731548320920 
286,35.2139582224561 ,129.6728327739460 
287,35.2067045645681 ,129.6726168427900 
288,35.2076241850544 ,129.6725715232710 
289,35.2076646020373 ,129.6725646149840 
290,35.2131056914999 ,129.6727344771860 
291,35.2133556958826 ,129.6729588236950 
292,35.2193533572398 ,129.6729349661770 
293,35.2189056971390 ,129.6730417410340 
294,35.2118302113124 ,129.6726631387340 
295,35.2136878140611 ,129.6727226923550 
296,35.2217879291316 ,129.6729609766220 
297,35.2080769768771 ,129.6724937424460 
298,35.2130006163637 ,129.6726411417010 
299,35.2099045451176 ,129.6725299989560 
300,35.2082160554561 ,129.6724626237680 
301,35.2209573754222 ,129.6728493166950 
302,35.2117939350646 ,129.6725463299640 
303,35.2106630393976 ,129.6724941476110 
304,35.2134439261282 ,129.6725719674640 
305,35.2128936094530 ,129.6725460276680 
306,35.2084932082849 ,129.6723948641020 
307,35.2086062764118 ,129.6731142149610 
308,35.2119529459948 ,129.6724860157620 
309,35.2222894803188 ,129.6727918020110 
310,35.2087391578422 ,129.6723439205730 
311,35.2127000200490 ,129.6724700319760 
312,35.2201372556921 ,129.6727050625600 
313,35.2131848920133 ,129.6724440768510 
314,35.2143688545949 ,129.6724520283220 
315,35.2144167262324 ,129.6728533031660 
316,35.2089408082307 ,129.6722589325150 
317,35.2192899525458 ,129.6725932022760 
318,35.2190309585191 ,129.6726547012540 
319,35.2142993658770 ,129.6724174984780 
320,35.2142013292715 ,129.6725408846580 
321,35.2104078630776 ,129.6722744439750 
322,35.2217238269967 ,129.6726380513390 
323,35.2146660687828 ,129.6723938433060 
324,35.2173113867569 ,129.6724394342150 
325,35.2171607727472 ,129.6726039882840 
326,35.2171619323607 ,129.6724750185280 
327,35.2123646074805 ,129.6722689626650 
328,35.2126791145570 ,129.6724604261130 
329,35.2125087207276 ,129.6728257142050 
330,35.2032674340731 ,129.6719672804140 
331,35.2029705650519 ,129.6720927099340 
332,35.2117603560947 ,129.6722436587310 
333,35.2033566837029 ,129.6719293831470 
334,35.2208923161406 ,129.6724995999500 
335,35.2129972783129 ,129.6722313848250 
336,35.2127609391078 ,129.6722232915620 
337,35.2173327365597 ,129.6723588182450 
338,35.2192589206877 ,129.6723983244800 
339,35.2063689183408 ,129.6726048079080 
340,35.2063896343482 ,129.6719536723970 
341,35.2060889561018 ,129.6719328379450 
342,35.2223411961731 ,129.6724582631110 
343,35.2112526916869 ,129.6720904656850 
344,35.2055457633771 ,129.6719030249540 
345,35.2200768210993 ,129.6723754020450 
346,35.2052352795437 ,129.6718863294170 
347,35.2051981890126 ,129.6726669368420 
348,35.2240093975717 ,129.6724879451550 
349,35.2239999536599 ,129.6729982197100 
350,35.2175579600181 ,129.6722646457060 
351,35.2132665101502 ,129.6721142999260 
352,35.2139010373461 ,129.6724133551550 
353,35.2072613893765 ,129.6719146666660 
354,35.2072777576570 ,129.6721042316130 
355,35.2096687208948 ,129.6719822668320 
356,35.2155750256067 ,129.6721683890910 
357,35.2155540010671 ,129.6723107719040 
358,35.2075748053499 ,129.6719005834730 
359,35.2240340342516 ,129.6724242441170 
360,35.2097480395073 ,129.6719478152930 
361,35.2158860301219 ,129.6721487388690 
362,35.2158950638753 ,129.6722687772150 
363,35.2131519398662 ,129.6720556487520 
364,35.2192323267746 ,129.6722574613810 
365,35.2186192078199 ,129.6722575945590 
366,35.2164898599389 ,129.6721421230060 
367,35.2164930834422 ,129.6722575113470 
368,35.2120274826217 ,129.6719796663050 
369,35.2119435307216 ,129.6720709186310 
370,35.2146522966708 ,129.6720612754000 
371,35.2144873074839 ,129.6720671871000 
372,35.2216605582508 ,129.6722901057660 
373,35.2123480441591 ,129.6719798845570 
374,35.2126045525513 ,129.6720500508370 
375,35.2169344402926 ,129.6721237655280 
376,35.2078794762451 ,129.6718107388860 
377,35.2079131915238 ,129.6719734286170 
378,35.2088422535175 ,129.6718193150650 
379,35.2172351411174 ,129.6720670648650 
380,35.2208208580944 ,129.6721654574270 
381,35.2039760146463 ,129.6716097206520 
382,35.2081134391976 ,129.6717415613890 
383,35.2124363591111 ,129.6718695619500 
384,35.2133637227376 ,129.6718879605830 
385,35.2108052059230 ,129.6717941253530 
386,35.2108629134136 ,129.6719222704700 
387,35.2082684892139 ,129.6716948407480 
388,35.2083368156361 ,129.6720051561810 
389,35.2083386419388 ,129.6716738117180 
390,35.2111124834708 ,129.6717647452020 
391,35.2091193151819 ,129.6716791616380 
392,35.2200088979608 ,129.6720341734850 
393,35.2223380741481 ,129.6721088566810 
394,35.2116647059669 ,129.6717554033120 
395,35.2041314920519 ,129.6715053830590 
396,35.2128705305978 ,129.6717870468110 
397,35.2127882291382 ,129.6718800697820 
398,35.2064563974313 ,129.6715760927450 
399,35.2070409755386 ,129.6715870200850 
400,35.2146427766419 ,129.6718293739120 
401,35.2102417388541 ,129.6716751310110 
402,35.2072853131433 ,129.6715771895960 
403,35.2142821440766 ,129.6717949047410 
404,35.2085836840643 ,129.6716001937170 
405,35.2129960795429 ,129.6717438170300 
406,35.2130553331974 ,129.6718593220880 
407,35.2092560524342 ,129.6716201756510 
408,35.2076410368112 ,129.6715662071950 
409,35.2169101422210 ,129.6718598072430 
410,35.2141986095943 ,129.6717588856760 
411,35.2142983464276 ,129.6720047232250 
412,35.2191530002785 ,129.6719162056250 
413,35.2185662871127 ,129.6720338654300 
414,35.2080656136103 ,129.6715420436590 
415,35.2062158148462 ,129.6714604865120 
416,35.2087803445723 ,129.6715435152290 
417,35.2215929922749 ,129.6719454510020 
418,35.2171838199542 ,129.6717963866490 
419,35.2083010117167 ,129.6714907518660 
420,35.2127506962749 ,129.6716352471690 
421,35.2125787195743 ,129.6716515664500 
422,35.2061016142515 ,129.6714169487170 
423,35.2104356247790 ,129.6715528330480 
424,35.2108326310428 ,129.6726304222280 
425,35.2164699324000 ,129.6717376372670 
426,35.2114240893559 ,129.6715584766480 
427,35.2059759381873 ,129.6713702904900 
428,35.2085513266192 ,129.6714461240110 
429,35.2146402183185 ,129.6716392152460 
430,35.2166570094614 ,129.6717005406530 
431,35.2207414061116 ,129.6718235046240 
432,35.2058773350895 ,129.6713344683720 
433,35.2147642644684 ,129.6716257845370 
434,35.2132173937342 ,129.6715716375630 
435,35.2098527538279 ,129.6714263435360 
436,35.2220190188817 ,129.6718173703860 
437,35.2090947902529 ,129.6713743959840 
438,35.2106393615323 ,129.6714243389490 
439,35.2077034328123 ,129.6713226171430 
440,35.2044632929750 ,129.6712133420400 
441,35.2113718908480 ,129.6714294822100 
442,35.2143487744659 ,129.6715253590040 
443,35.2055710092136 ,129.6712314607410 
444,35.2127296790505 ,129.6716115712730 
445,35.2128651066033 ,129.6714588770480 
446,35.2199424563788 ,129.6716895628780 
447,35.2155393861839 ,129.6715191061810 
448,35.2074639234417 ,129.6712540447180 
449,35.2053150731018 ,129.6711544622000 
450,35.2141907651410 ,129.6714446980220 
451,35.2052722738699 ,129.6711417388210 
452,35.2072392582742 ,129.6711890468070 
453,35.2161436919181 ,129.6714781909390 
454,35.2162045790575 ,129.6723866623630 
455,35.2158405435843 ,129.6714672222770 
456,35.2169374131235 ,129.6714791688120 
457,35.2167944088556 ,129.6715286904480 
458,35.2215294987066 ,129.6716139690650 
459,35.2170970897925 ,129.6714651904490 
460,35.2082148733247 ,129.6711709334170 
461,35.2163087379125 ,129.6714314508290 
462,35.2070400188073 ,129.6711265978600 
463,35.2092542139789 ,129.6711933331020 
464,35.2119703238113 ,129.6712528556330 
465,35.2118631963338 ,129.6713289394500 
466,35.2190630739620 ,129.6714747567570 
467,35.2184256684458 ,129.6716566347550 
468,35.2068648253867 ,129.6710717985130 
469,35.2205569275129 ,129.6715134497290 
470,35.2088684942180 ,129.6711282012170 
471,35.2090066563126 ,129.6711704672560 
472,35.2084617970653 ,129.6710949741600 
473,35.2118080009872 ,129.6711953861200 
474,35.2116564506756 ,129.6712940295130 
475,35.2120647185476 ,129.6711859606260 
476,35.2122422696556 ,129.6715101636170 
477,35.2162754655620 ,129.6713634550000 
478,35.2164300827133 ,129.6713235778410 
479,35.2095488915427 ,129.6710969815520 
480,35.2095770418489 ,129.6711929356560 
481,35.2219389635715 ,129.6714963236780 
482,35.2065881166927 ,129.6709855417290 
483,35.2137319954572 ,129.6712066481650 
484,35.2162472413384 ,129.6712836161580 
485,35.2160224872761 ,129.6713119301330 
486,35.2088871382268 ,129.6710361830750 
487,35.2090566018365 ,129.6710571751750 
488,35.2168936540370 ,129.6712931436370 
489,35.2075221334400 ,129.6709832155880 
490,35.2087031962985 ,129.6710205487880 
491,35.2133513855807 ,129.6711715275440 
492,35.2138834387674 ,129.6717886935680 
493,35.2047812643588 ,129.6708844818580 
494,35.2092717971295 ,129.6710282052960 
495,35.2099805375766 ,129.6710459443720 
496,35.2106924676080 ,129.6713910857470 
497,35.2111931676178 ,129.6710627025480 
498,35.2063336736362 ,129.6708982998970 
499,35.2068972448763 ,129.6709105922920 
500,35.2176554030732 ,129.6712628784200 
501,35.2072962972295 ,129.6709202383740 
502,35.2112177359188 ,129.6710466968410 
503,35.2242718835306 ,129.6714716102760 
504,35.2130221285024 ,129.6710996647680 
505,35.2128949975193 ,129.6711380404730 
506,35.2089045899464 ,129.6709599070870 
507,35.2061177683329 ,129.6708318758120 
508,35.2063231905234 ,129.6708948688410 
509,35.2060898979995 ,129.6709719599410 
510,35.2097047902729 ,129.6709161447110 
511,35.2122960645190 ,129.6709993575560 
512,35.2198542554688 ,129.6712464508760 
513,35.2048915293141 ,129.6707491578730 
514,35.2154782913149 ,129.6711681715360 
515,35.2058997678601 ,129.6707646973490 
516,35.2214619263501 ,129.6712631389190 
517,35.2063522770514 ,129.6707507074120 
518,35.2140044757252 ,129.6709997751510 
519,35.2140727496312 ,129.6711594927540 
520,35.2078110848458 ,129.6707827280990 
521,35.2136050187237 ,129.6709702131610 
522,35.2056872161291 ,129.6706994130990 
523,35.2124325704803 ,129.6709125709150 
524,35.2125675437122 ,129.6711502936790 
525,35.2114829496923 ,129.6708756145830 
526,35.2201721274858 ,129.6711580554990 
527,35.2094069390693 ,129.6707736140640 
528,35.2086826992180 ,129.6707437055230 
529,35.2214709906002 ,129.6712606911540 
530,35.2218268349308 ,129.6711677064890 
531,35.2054344836442 ,129.6706112001840 
532,35.2056645616899 ,129.6706924957910 
533,35.2074453436226 ,129.6706671377220 
534,35.2078375162949 ,129.6706631778240 
535,35.2073631290444 ,129.6706414584860 
536,35.2073324572221 ,129.6707872851020 
537,35.2189798671988 ,129.6710222063720 
538,35.2182579870354 ,129.6712297963390 
539,35.2116350548550 ,129.6707773318550 
540,35.2158216540486 ,129.6709008305440 
541,35.2157905560977 ,129.6710531769450 
542,35.2126332041150 ,129.6707843137490 
543,35.2126791001163 ,129.6708863424860 
544,35.2161659032711 ,129.6708994203210 
545,35.2206318674076 ,129.6710269603960 
546,35.2143059572517 ,129.6708120353440 
547,35.2071510296454 ,129.6705748156940 
548,35.2071206815968 ,129.6707251123990 
549,35.2243218051096 ,129.6711362878430 
550,35.2117314536385 ,129.6707153053780 
551,35.2069459915230 ,129.6705135505860 
552,35.2069160415167 ,129.6706521958500 
553,35.2156172587061 ,129.6707977195710 
554,35.2089878512752 ,129.6705746218690 
555,35.2128836162410 ,129.6706906238260 
556,35.2051066648051 ,129.6704231002040 
557,35.2150350446453 ,129.6707371210840 
558,35.2152699150826 ,129.6709520506530 
559,35.2118639597424 ,129.6706311323810 
560,35.2139359584988 ,129.6706980095890 
561,35.2109965201108 ,129.6705958438830 
562,35.2109217050389 ,129.6706431387330 
563,35.2066999450946 ,129.6704413365210 
564,35.2057706842035 ,129.6704067750380 
565,35.2161164384071 ,129.6707358549030 
566,35.2128720204976 ,129.6706291741430 
567,35.2087292525995 ,129.6704906727820 
568,35.2078835078349 ,129.6704547279160 
569,35.2081884078224 ,129.6705522003380 
570,35.2094917827424 ,129.6705015924470 
571,35.2096659066113 ,129.6705793436560 
572,35.2075046489415 ,129.6704104097530 
573,35.2197643526984 ,129.6707974510070 
574,35.2064367262748 ,129.6703562101520 
575,35.2064008933309 ,129.6705190191840 
576,35.2197901386011 ,129.6707900615470 
577,35.2085038443571 ,129.6704146731520 
578,35.2167624182418 ,129.6706757135770 
579,35.2168076211552 ,129.6708792838050 
580,35.2213919751282 ,129.6708223328840 
581,35.2168745908799 ,129.6706708127910 
582,35.2164696335116 ,129.6706544511690 
583,35.2167231371441 ,129.6711540855950 
584,35.2146853228633 ,129.6705846461100 
585,35.2187966339941 ,129.6707194064080 
586,35.2182409229329 ,129.6708549032730 
587,35.2120772879038 ,129.6704954003740 
588,35.2142834266461 ,129.6707166029560 
589,35.2062343034866 ,129.6702912582700 
590,35.2061804171224 ,129.6705512474690 
591,35.2107921669820 ,129.6704333892810 
592,35.2095076894469 ,129.6704506526060 
593,35.2093552230727 ,129.6703739545360 
594,35.2082249569009 ,129.6703314327110 
595,35.2189186050426 ,129.6706788000410 
596,35.2174567959907 ,129.6706106390010 
597,35.2175106928759 ,129.6710581022520 
598,35.2172673244318 ,129.6706541789110 
599,35.2060339681920 ,129.6702274043070 
600,35.2059719661231 ,129.6705042799680 
601,35.2171375175197 ,129.6705905667120 
602,35.2201864209585 ,129.6706764423110 
603,35.2153386743505 ,129.6705158249330 
604,35.2105819921097 ,129.6703369588760 
605,35.2079313763642 ,129.6702377625780 
606,35.2087884352350 ,129.6702267321760 
607,35.2205482221682 ,129.6705750734400 
608,35.2076236820231 ,129.6701456892080 
609,35.2117076039240 ,129.6707306486610 
610,35.2115152331827 ,129.6702677017610 
611,35.2181517813781 ,129.6704670113850 
612,35.2181658340272 ,129.6706084903110 
613,35.2085502624785 ,129.6701485996690 
614,35.2136266241730 ,129.6703039522570 
615,35.2136254065837 ,129.6704356593450 
616,35.2053297460290 ,129.6700304051510 
617,35.2195545527442 ,129.6704927483000 
618,35.2073873122419 ,129.6700751647720 
619,35.2185914441266 ,129.6704354455190 
620,35.2181859855213 ,129.6704609271910 
621,35.2183140579641 ,129.6704819375130 
622,35.2244247332987 ,129.6706191248920 
623,35.2053520073425 ,129.6699913398270 
624,35.2059587573528 ,129.6702033277250 
625,35.2146938307677 ,129.6702884903400 
626,35.2072876331775 ,129.6700434250020 
627,35.2072633534964 ,129.6701548116510 
628,35.2208589038604 ,129.6704871253840 
629,35.2149562756828 ,129.6702555762660 
630,35.2126001714414 ,129.6701632733090 
631,35.2150466910171 ,129.6702413844080 
632,35.2096306173783 ,129.6700604882190 
633,35.2138058718042 ,129.6701942042380 
634,35.2138924923509 ,129.6704221112040 
635,35.2082934396301 ,129.6700033013590 
636,35.2156542214915 ,129.6702393356030 
637,35.2091037689545 ,129.6700236727220 
638,35.2211280431657 ,129.6704060499120 
639,35.2126775640587 ,129.6701140030710 
640,35.2109171781551 ,129.6700381408890 
641,35.2114429555312 ,129.6700533088240 
642,35.2076697210981 ,129.6699286644240 
643,35.2194332201592 ,129.6703130959030 
644,35.2068208126471 ,129.6698957105250 
645,35.2074195822161 ,129.6699142952550 
646,35.2154044042655 ,129.6701721357920 
647,35.2156001198032 ,129.6701710013130 
648,35.2154197342104 ,129.6701664623840 
649,35.2088520072850 ,129.6699488690550 
650,35.2088218232518 ,129.6700981452820 
651,35.2086893386184 ,129.6699006563100 
652,35.2187711183685 ,129.6702234581730 
653,35.2188987505234 ,129.6706853545720 
654,35.2186234403485 ,129.6702615070500 
655,35.2217758964555 ,129.6703758182230 
656,35.2065751454589 ,129.6698190510770 
657,35.2063439103922 ,129.6700262327750 
658,35.2170110399202 ,129.6701592548590 
659,35.2171384699330 ,129.6701455895260 
660,35.2159595015962 ,129.6700963171390 
661,35.2064324157854 ,129.6697732086380 
662,35.2144099321109 ,129.6700304432960 
663,35.2144327947855 ,129.6700980958860 
664,35.2063250595394 ,129.6697384737440 
665,35.2096982460520 ,129.6698475961090 
666,35.2225134763213 ,129.6702541673600 
667,35.2225224215112 ,129.6706078831040 
668,35.2117004894034 ,129.6698984392280 
669,35.2145193398623 ,129.6699849657460 
670,35.2095937156853 ,129.6698187842700 
671,35.2061607932124 ,129.6696860942050 
672,35.2061295021130 ,129.6699557433020 
673,35.2150313045133 ,129.6699753230460 
674,35.2221808184763 ,129.6702024307590 
675,35.2103633619664 ,129.6698134637000 
676,35.2130229904917 ,129.6698933936420 
677,35.2193266276871 ,129.6700906946340 
678,35.2060188621755 ,129.6696423367920 
679,35.2059386572409 ,129.6699594406320 
680,35.2080464496232 ,129.6696994858020 
681,35.2130774001890 ,129.6698584658220 
682,35.2133318029609 ,129.6704387319140 
683,35.2200701859526 ,129.6700872720130 
684,35.2059348259801 ,129.6696162564100 
685,35.2057939172486 ,129.6698898615220 
686,35.2064999906763 ,129.6696265335050 
687,35.2063324567625 ,129.6697222491340 
688,35.2158759359902 ,129.6699213421630 
689,35.2100527570341 ,129.6697065409420 
690,35.2162068947688 ,129.6699033665040 
691,35.2162628338332 ,129.6704689165390 
692,35.2078129385995 ,129.6696269974430 
693,35.2076813437973 ,129.6697592274470 
694,35.2087758517934 ,129.6696485888550 
695,35.2163210975201 ,129.6698957863370 
696,35.2166053829383 ,129.6698683898040 
697,35.2055629960008 ,129.6695021903450 
698,35.2197761089199 ,129.6699650912830 
699,35.2198576656527 ,129.6700971194410 
700,35.2097673175312 ,129.6696203417530 
701,35.2097572564355 ,129.6696169245100 
702,35.2168277043145 ,129.6698482265280 
703,35.2170012238911 ,129.6698257778260 
704,35.2110557315625 ,129.6696097130030 
705,35.2133628694339 ,129.6696753453970 
706,35.2173361309725 ,129.6697883741230 
707,35.2225231328361 ,129.6699569913240 
708,35.2094681046240 ,129.6695203122080 
709,35.2094257814668 ,129.6696774258490 
710,35.2191961417047 ,129.6698345719130 
711,35.2174608501617 ,129.6697763348940 
712,35.2176813403178 ,129.6710956058170 
713,35.2069198281733 ,129.6694279285920 
714,35.2108914941890 ,129.6695432647250 
715,35.2071461055193 ,129.6694199015550 
716,35.2218746422389 ,129.6698949044640 
717,35.2177899861559 ,129.6697452608590 
718,35.2064150481575 ,129.6693671419380 
719,35.2092516812650 ,129.6694518132390 
720,35.2126081043382 ,129.6696060170840 
721,35.2127325423176 ,129.6695620614520 
722,35.2167670182009 ,129.6696890961300 
723,35.2135178176964 ,129.6695757791310 
724,35.2180700630989 ,129.6697235586100 
725,35.2069355301157 ,129.6693543412410 
726,35.2110971259186 ,129.6694755522020 
727,35.2193785732885 ,129.6697400175560 
728,35.2183074450591 ,129.6697035452360 
729,35.2183794281759 ,129.6701481743580 
730,35.2090550911265 ,129.6693904826360 
731,35.2128594732776 ,129.6695072085510 
732,35.2185441356577 ,129.6696893420390 
733,35.2168998292979 ,129.6696165923300 
734,35.2146954880319 ,129.6695371651250 
735,35.2123943256901 ,129.6694559468610 
736,35.2109144998428 ,129.6694002679060 
737,35.2203757587994 ,129.6697013271800 
738,35.2188978215792 ,129.6696494648120 
739,35.2190795951892 ,129.6704267418800 
740,35.2065636046460 ,129.6692382131630 
741,35.2150890856455 ,129.6694941353230 
742,35.2087133870973 ,129.6692828880660 
743,35.2084947006919 ,129.6695594443560 
744,35.2125098477037 ,129.6693821935870 
745,35.2063580634264 ,129.6691741909840 
746,35.2225455419549 ,129.6697007223340 
747,35.2119453883946 ,129.6693527250580 
748,35.2117800993760 ,129.6694615576310 
749,35.2203763312867 ,129.6696179678600 
750,35.2203854947677 ,129.6696875783260 
751,35.2201667210752 ,129.6696745760180 
752,35.2098794708347 ,129.6692589833200 
753,35.2084843928036 ,129.6692098619580 
754,35.2082160076493 ,129.6695184106180 
755,35.2138158557886 ,129.6693844912510 
756,35.2126200887709 ,129.6693116979980 
757,35.2206828037844 ,129.6695676216430 
758,35.2209925750895 ,129.6695719396640 
759,35.2212781983124 ,129.6696434049070 
760,35.2156441344434 ,129.6693949798080 
761,35.2081706360687 ,129.6691117609910 
762,35.2159736471255 ,129.6693659753810 
763,35.2208780430418 ,129.6695242668870 
764,35.2160226879735 ,129.6693638079050 
765,35.2160302674751 ,129.6695434982250 
766,35.2111828140799 ,129.6691970327180 
767,35.2091119403301 ,129.6691237191110 
768,35.2161724714081 ,129.6693515599150 
769,35.2161824605526 ,129.6695560328570 
770,35.2105616471744 ,129.6691598769350 
771,35.2127423816486 ,129.6692309612790 
772,35.2199012209993 ,129.6694503977110 
773,35.2224315436075 ,129.6695267945780 
774,35.2057538724897 ,129.6689801322780 
775,35.2200113862319 ,129.6694471451440 
776,35.2156005880756 ,129.6693012594020 
777,35.2164144838520 ,129.6693258645030 
778,35.2165869127010 ,129.6693081824570 
779,35.2226514460483 ,129.6695014037650 
780,35.2147037271392 ,129.6692403141270 
781,35.2095573003310 ,129.6690700330120 
782,35.2110210527412 ,129.6691076798650 
783,35.2078165969039 ,129.6690017066620 
784,35.2077398073531 ,129.6692214990840 
785,35.2243463622649 ,129.6695391070800 
786,35.2246200201174 ,129.6700761645970 
787,35.2128614735660 ,129.6691549227140 
788,35.2129985755523 ,129.6694558420040 
789,35.2149630662955 ,129.6692141568570 
790,35.2141280330258 ,129.6691840585720 
791,35.2070166771830 ,129.6689497826240 
792,35.2089249691564 ,129.6689964916510 
793,35.2088482820681 ,129.6690903832760 
794,35.2170976642525 ,129.6692641857800 
795,35.2171121781355 ,129.6694358711300 
796,35.2189409738158 ,129.6693208035230 
797,35.2155577526092 ,129.6692072192850 
798,35.2094133284446 ,129.6690039078350 
799,35.2172169240100 ,129.6692571134930 
800,35.2248546492509 ,129.6694919418640 
801,35.2075763053127 ,129.6689238525220 
802,35.2174264779841 ,129.6692413337250 
803,35.2174315480754 ,129.6693880066360 
804,35.2224621226219 ,129.6694042704260 
805,35.2129678026314 ,129.6690894447320 
806,35.2130994786459 ,129.6693874418660 
807,35.2203162587573 ,129.6693034174990 
808,35.2177757769714 ,129.6692088594410 
809,35.2130397127703 ,129.6690461692850 
810,35.2204987970654 ,129.6692805764250 
811,35.2179759354408 ,129.6691913992860 
812,35.2230985430091 ,129.6693434607510 
813,35.2242553041517 ,129.6695505345070 
814,35.2229937864244 ,129.6696375222790 
815,35.2182238565117 ,129.6691658967570 
816,35.2164777160243 ,129.6691080068810 
817,35.2163809608795 ,129.6691734578930 
818,35.2072002723468 ,129.6688024448340 
819,35.2229915125258 ,129.6692939738950 
820,35.2230217579645 ,129.6697990242240 
821,35.2185235791145 ,129.6691407187700 
822,35.2070780865543 ,129.6687634515520 
823,35.2091767804922 ,129.6688201650440 
824,35.2188647426237 ,129.6691196432490 
825,35.2120817612527 ,129.6688954000890 
826,35.2087566144489 ,129.6687847928830 
827,35.2086919990153 ,129.6688739337760 
828,35.2121137749298 ,129.6688864990980 
829,35.2159632478409 ,129.6690077802490 
830,35.2132885761635 ,129.6688886081450 
831,35.2227730025875 ,129.6691924529100 
832,35.2193367381866 ,129.6690774634240 
833,35.2193797038507 ,129.6694463477600 
834,35.2067054540227 ,129.6686538209410 
835,35.2064662697126 ,129.6688257538120 
836,35.2088404112720 ,129.6687196087650 
837,35.2196033594244 ,129.6690594353740 
838,35.2196461358340 ,129.6696729568570 
839,35.2087738317532 ,129.6686999320400 
840,35.2117863053647 ,129.6687718200580 
841,35.2198931161946 ,129.6690329010510 
842,35.2178211847491 ,129.6689629655200 
843,35.2086280943946 ,129.6686563930660 
844,35.2095089566706 ,129.6686831777960 
845,35.2147090367622 ,129.6688400952460 
846,35.2202671979494 ,129.6690002081590 
847,35.2163707865332 ,129.6688560975760 
848,35.2224843146817 ,129.6690556927240 
849,35.2206038474565 ,129.6689731511400 
850,35.2206310673171 ,129.6689709548300 
851,35.2206413609215 ,129.6691105991340 
852,35.2083184820140 ,129.6685618603920 
853,35.2100919513917 ,129.6686127252640 
854,35.2092270392708 ,129.6685840614400 
855,35.2208547197479 ,129.6689542636510 
856,35.2060136013946 ,129.6684575813250 
857,35.2107400387492 ,129.6685910621950 
858,35.2124868229831 ,129.6686390003090 
859,35.2113672249539 ,129.6685978766450 
860,35.2086572918746 ,129.6685070842940 
861,35.2149779753801 ,129.6687106358240 
862,35.2153866230592 ,129.6692808691090 
863,35.2080798707580 ,129.6684844050470 
864,35.2125506959220 ,129.6686026663090 
865,35.2188273229913 ,129.6687801077030 
866,35.2078251367498 ,129.6683975026120 
867,35.2141368088475 ,129.6685883927810 
868,35.2104725691233 ,129.6684560511800 
869,35.2089953540251 ,129.6684032240890 
870,35.2205929184258 ,129.6687665775650 
871,35.2140005625060 ,129.6685485922440 
872,35.2152625629477 ,129.6685737968540 
873,35.2139131347209 ,129.6685230849950 
874,35.2075653229307 ,129.6683111206020 
875,35.2198731305975 ,129.6687007946610 
876,35.2138368935109 ,129.6685010319730 
877,35.2127800856096 ,129.6684599059030 
878,35.2219057719731 ,129.6687584615170 
879,35.2137819529323 ,129.6684834505540 
880,35.2120931989443 ,129.6689002347830 
881,35.2122006907306 ,129.6684309837360 
882,35.2108086225204 ,129.6683730510150 
883,35.2159473695762 ,129.6685341237610 
884,35.2152746646849 ,129.6685676743270 
885,35.2153483566291 ,129.6685138196180 
886,35.2099320093310 ,129.6683323412980 
887,35.2069616204501 ,129.6682289193820 
888,35.2102043021819 ,129.6683316503840 
889,35.2162254210408 ,129.6685212717260 
890,35.2092915740674 ,129.6682815256960 
891,35.2140144335604 ,129.6684303363490 
892,35.2071851308591 ,129.6681995284530 
893,35.2166955560991 ,129.6684996140960 
894,35.2162416298300 ,129.6685204301730 
895,35.2061838397362 ,129.6681434227560 
896,35.2076155954545 ,129.6681892626800 
897,35.2114351789030 ,129.6682999050820 
898,35.2090854318782 ,129.6682191989990 
899,35.2226093540041 ,129.6686590148130 
900,35.2133569881591 ,129.6683528834320 
901,35.2173194832709 ,129.6684754450220 
902,35.2173236210958 ,129.6687027173040 
903,35.2167553115414 ,129.6684967677120 
904,35.2089995665112 ,129.6681930590000 
905,35.2175637980344 ,129.6684666345520 
906,35.2178157647367 ,129.6688512775640 
907,35.2177903640548 ,129.6684582720930 
908,35.2130198795187 ,129.6682986155300 
909,35.2088472697509 ,129.6681469045430 
910,35.2108254405260 ,129.6683190520430 
911,35.2105684159552 ,129.6681891868220 
912,35.2183037991156 ,129.6684394049120 
913,35.2183127065738 ,129.6688078548230 
914,35.2219724542566 ,129.6685564858250 
915,35.2214159387196 ,129.6685307067040 
916,35.2130597136692 ,129.6682542890530 
917,35.2188139303750 ,129.6684235175170 
918,35.2072209078750 ,129.6680391163680 
919,35.2156205333282 ,129.6683141288260 
920,35.2062601472329 ,129.6680028645030 
921,35.2119143822558 ,129.6681862529130 
922,35.2121385786967 ,129.6682598089530 
923,35.2192915623051 ,129.6683938704050 
924,35.2097270436979 ,129.6680762150920 
925,35.2084603051203 ,129.6680296001840 
926,35.2108891725580 ,129.6681039692680 
927,35.2127841890348 ,129.6681653278890 
928,35.2077036424324 ,129.6679760132440 
929,35.2198534405717 ,129.6683680118510 
930,35.2103197897839 ,129.6680551374140 
931,35.2133951299714 ,129.6681554831000 
932,35.2136580973363 ,129.6682265361890 
933,35.2082980756119 ,129.6679742014670 
934,35.2170556428576 ,129.6682588817040 
935,35.2125968380467 ,129.6681063581710 
936,35.2141433321462 ,129.6681521914980 
937,35.2142789581601 ,129.6681562893640 
938,35.2072474621797 ,129.6679202561170 
939,35.2226138377191 ,129.6684110792730 
940,35.2125031549750 ,129.6680772162630 
941,35.2070118127303 ,129.6679893889040 
942,35.2208469020550 ,129.6683449664130 
943,35.2208288674063 ,129.6683392288700 
944,35.2244344409821 ,129.6684439557620 
945,35.2080436527875 ,129.6678859382550 
946,35.2171834944819 ,129.6681814094110 
947,35.2134169485303 ,129.6680470947470 
948,35.2122356234310 ,129.6679960660010 
949,35.2159372773906 ,129.6680980548820 
950,35.2248620046747 ,129.6683800704740 
951,35.2099758038023 ,129.6678658196120 
952,35.2141440690621 ,129.6679974804500 
953,35.2160071950069 ,129.6680557411980 
954,35.2126323096956 ,129.6679342605620 
955,35.2119706921333 ,129.6679119136970 
956,35.2140363252582 ,129.6679675345290 
957,35.2075637956238 ,129.6677419245020 
958,35.2109596625331 ,129.6678441638880 
959,35.2171277740482 ,129.6680395973830 
960,35.2138944013792 ,129.6679234320880 
961,35.2098344873710 ,129.6677877754420 
962,35.2098214370110 ,129.6677794575150 
963,35.2220973300573 ,129.6681735292640 
964,35.2147334122043 ,129.6679200240160 
965,35.2150104927413 ,129.6679256652540 
966,35.2205430141150 ,129.6681058082650 
967,35.2174763800768 ,129.6680002331150 
968,35.2141441904500 ,129.6678770585950 
969,35.2142909380164 ,129.6678811770370 
970,35.2094093889337 ,129.6677206838720 
971,35.2152992496692 ,129.6678997807570 
972,35.2226545262520 ,129.6681365360770 
973,35.2150559011991 ,129.6678839217630 
974,35.2107061910147 ,129.6677319132480 
975,35.2135864950862 ,129.6678217456780 
976,35.2138260382869 ,129.6679016375650 
977,35.2073157283777 ,129.6676144185290 
978,35.2170740867193 ,129.6679204971080 
979,35.2096049620614 ,129.6676749382870 
980,35.2215071650495 ,129.6680584675260 
981,35.2162753293406 ,129.6678861080390 
982,35.2091478713548 ,129.6676349323680 
983,35.2091225739800 ,129.6676265567520 
984,35.2138554863745 ,129.6677536996450 
985,35.2174183934006 ,129.6678590326880 
986,35.2089671243900 ,129.6675765262810 
987,35.2104641495503 ,129.6676248405890 
988,35.2132089005491 ,129.6677136616090 
989,35.2094375417864 ,129.6675867774350 
990,35.2177421152468 ,129.6678308615740 
991,35.2120260363599 ,129.6676430318270 
992,35.2192784035964 ,129.6678797959860 
993,35.2187669408310 ,129.6678603024480 
994,35.2184049232405 ,129.6679205013130 
995,35.2216348001975 ,129.6679525046570 
996,35.2170177821780 ,129.6677923905460 
997,35.2195614968801 ,129.6678681363920 
998,35.2221757726821 ,129.6679489482270 
999,35.2076670194431 ,129.6674660472130 
1000,35.2077703651602 ,129.6675294661630 
1001,35.2215613438561 ,129.6679126983070 
1002,35.2128981093378 ,129.6676214890490 
1003,35.2173842111859 ,129.6677683624270 
1004,35.2118444152335 ,129.6675859669510 
1005,35.2118119451217 ,129.6677368901530 
1006,35.2199931346191 ,129.6678493321000 
1007,35.2086058663457 ,129.6674617811030 
1008,35.2246347044629 ,129.6679749274870 
1009,35.2245365445062 ,129.6680849476390 
1010,35.2173708838060 ,129.6677343015430 
1011,35.2141497754919 ,129.6676110008390 
1012,35.2142925915211 ,129.6676146469990 
1013,35.2206381594808 ,129.6678196734530 
1014,35.2084223631310 ,129.6674070594250 
1015,35.2116019823766 ,129.6675094145620 
1016,35.2126474443145 ,129.6675415780900 
1017,35.2198310809035 ,129.6677668238280 
1018,35.2245412484524 ,129.6679035820300 
1019,35.2166681168677 ,129.6676371808480 
1020,35.2136316433838 ,129.6675363993980 
1021,35.2081946609183 ,129.6673392271900 
1022,35.2123958019838 ,129.6674612925970 
1023,35.2123429563277 ,129.6674444669970 
1024,35.2173125141994 ,129.6676040683680 
1025,35.2077322948484 ,129.6672894458700 
1026,35.2176599693968 ,129.6676041219780 
1027,35.2141530973510 ,129.6674858804210 
1028,35.2167734982927 ,129.6675699515680 
1029,35.2248300623263 ,129.6678176492630 
1030,35.2105134220848 ,129.6673375815410 
1031,35.2195372338747 ,129.6676213274530 
1032,35.2138844887291 ,129.6674280251170 
1033,35.2120925346932 ,129.6673662806310 
1034,35.2210437985114 ,129.6676583079590 
1035,35.2068089222063 ,129.6671792949910 
1036,35.2076047706241 ,129.6671988199350 
1037,35.2168968778976 ,129.6674909595850 
1038,35.2153082148759 ,129.6674293431970 
1039,35.2155857855666 ,129.6674319110820 
1040,35.2147445035373 ,129.6673978518190 
1041,35.2102328166994 ,129.6672491466880 
1042,35.2158628040144 ,129.6674275989520 
1043,35.2126759044272 ,129.6673171013130 
1044,35.2175924519524 ,129.6674481989130 
1045,35.2160696060660 ,129.6673897658920 
1046,35.2192769132140 ,129.6674940856760 
1047,35.2116590545741 ,129.6672323561510 
1048,35.2183255176995 ,129.6674481818370 
1049,35.2217698091740 ,129.6675568417060 
1050,35.2123816180768 ,129.6672234126930 
1051,35.2141563996348 ,129.6672722411880 
1052,35.2161902189239 ,129.6673213198410 
1053,35.2184282609366 ,129.6673856682700 
1054,35.2171865797553 ,129.6673072753660 
1055,35.2095465893301 ,129.6670530925360 
1056,35.2190002987715 ,129.6673587627910 
1057,35.2190102199754 ,129.6675728477060 
1058,35.2248190746808 ,129.6676711123380 
1059,35.2244690019543 ,129.6675344021040 
1060,35.2135765277553 ,129.6671499899150 
1061,35.2110593703353 ,129.6670381009210 
1062,35.2092838126012 ,129.6669669587120 
1063,35.2133000406241 ,129.6670918783880 
1064,35.2211425760071 ,129.6673287131540 
1065,35.2226241217024 ,129.6673638423120 
1066,35.2147505440228 ,129.6671047023440 
1067,35.2182267281780 ,129.6672164356230 
1068,35.2186962492544 ,129.6672098475350 
1069,35.2184050055225 ,129.6672335946880 
1070,35.2090596527893 ,129.6668916951520 
1071,35.2201837513687 ,129.6672558022280 
1072,35.2174177093872 ,129.6671621591860 
1073,35.2090456751358 ,129.6668871209040 
1074,35.2089817245700 ,129.6671824715800 
1075,35.2082456393267 ,129.6668595701320 
1076,35.2076598617734 ,129.6670115932560 
1077,35.2180056768648 ,129.6671790053200 
1078,35.2180561791397 ,129.6673021195830 
1079,35.2183416884879 ,129.6671872604620 
1080,35.2174514019126 ,129.6671409601490 
1081,35.2106093552517 ,129.6668878575270 
1082,35.2141627408499 ,129.6669845931530 
1083,35.2200266815886 ,129.6671707131300 
1084,35.2087911909820 ,129.6668016026620 
1085,35.2085131053800 ,129.6667904450820 
1086,35.2167139611375 ,129.6670392783820 
1087,35.2082587992089 ,129.6667543355440 
1088,35.2181793703739 ,129.6670656321210 
1089,35.2185698339212 ,129.6670753262940 
1090,35.2103199695505 ,129.6667953629200 
1091,35.2136353166919 ,129.6668908215310 
1092,35.2121698422537 ,129.6668418320680 
1093,35.2072233200045 ,129.6666652224500 
1094,35.2070413808723 ,129.6668908378900 
1095,35.2212614219767 ,129.6671232990540 
1096,35.2239117436763 ,129.6672039000130 
1097,35.2189685682975 ,129.6670355399180 
1098,35.2100725062687 ,129.6667234530740 
1099,35.2079838527839 ,129.6666262949590 
1100,35.2082262117656 ,129.6667381742710 
1101,35.2079691339192 ,129.6666234119170 
1102,35.2190891037482 ,129.6669578245540 
1103,35.2098196120363 ,129.6666424460510 
1104,35.2197540621176 ,129.6669435652640 
1105,35.2185521415615 ,129.6669007892160 
1106,35.2183130929726 ,129.6669389411420 
1107,35.2247809041165 ,129.6671036837170 
1108,35.2096420700275 ,129.6665855187350 
1109,35.2188914925422 ,129.6668597443580 
1110,35.2111155089455 ,129.6665925607090 
1111,35.2094863310225 ,129.6665358234580 
1112,35.2073883303952 ,129.6664603222340 
1113,35.2204221464570 ,129.6668769110560 
1114,35.2204923764144 ,129.6670119977100 
1115,35.2185110425263 ,129.6668109209680 
1116,35.2093832745036 ,129.6665039765030 
1117,35.2180444519518 ,129.6667548181890 
1118,35.2172339200878 ,129.6667053005520 
1119,35.2091980278930 ,129.6664389071090 
1120,35.2180912988785 ,129.6667244423090 
1121,35.2148889961300 ,129.6666165471900 
1122,35.2152331898450 ,129.6666751589570 
1123,35.2159351918934 ,129.6666473549540 
1124,35.2091533114253 ,129.6664237212180 
1125,35.2159717497482 ,129.6666430617890 
1126,35.2147613249147 ,129.6665900677670 
1127,35.2195089904353 ,129.6667248692470 
1128,35.2189798011115 ,129.6667048025890 
1129,35.2242913416750 ,129.6668762815740 
1130,35.2145923183826 ,129.6665546876370 
1131,35.2089754227535 ,129.6663633528790 
1132,35.2205817378341 ,129.6667390540850 
1133,35.2088905057416 ,129.6663516548990 
1134,35.2194879676590 ,129.6666950162310 
1135,35.2162238103193 ,129.6665830338260 
1136,35.2085385802409 ,129.6663116667550 
1137,35.2087111478960 ,129.6662812898330 
1138,35.2141841583126 ,129.6664600175090 
1139,35.2247757315831 ,129.6668018956060 
1140,35.2174783290914 ,129.6665516963740 
1141,35.2206920213234 ,129.6666537957590 
1142,35.2183439762721 ,129.6665597846870 
1143,35.2196551260205 ,129.6665906903760 
1144,35.2139226738858 ,129.6663982815560 
1145,35.2076099340850 ,129.6661852286350 
1146,35.2111452507370 ,129.6662778993580 
1147,35.2104245726659 ,129.6662076624790 
1148,35.2134306739092 ,129.6663005268370 
1149,35.2083958437504 ,129.6661255134670 
1150,35.2185596119962 ,129.6664213627760 
1151,35.2198871066491 ,129.6664452529230 
1152,35.2200498544861 ,129.6668156578590 
1153,35.2129960847940 ,129.6662104844130 
1154,35.2186324334668 ,129.6663750241010 
1155,35.2242702271828 ,129.6665568165670 
1156,35.2084890924833 ,129.6660146646510 
1157,35.2085614319505 ,129.6661051999750 
1158,35.2126238984929 ,129.6661252294470 
1159,35.2187760765733 ,129.6662836535160 
1160,35.2170262668050 ,129.6662260473560 
1161,35.2123071960356 ,129.6660520831520 
1162,35.2201252725283 ,129.6662938409720 
1163,35.2201995080127 ,129.6664643990160 
1164,35.2199327902732 ,129.6664165537590 
1165,35.2239738240804 ,129.6664122612440 
1166,35.2170909559049 ,129.6661845897590 
1167,35.2078648234679 ,129.6658690250230 
1168,35.2076938873322 ,129.6660809381690 
1169,35.2141969950836 ,129.6660627917250 
1170,35.2239084966305 ,129.6663740936140 
1171,35.2181931637385 ,129.6661715939450 
1172,35.2145034970239 ,129.6660110629250 
1173,35.2117072933245 ,129.6659123778190 
1174,35.2203377752456 ,129.6661570286900 
1175,35.2159832653256 ,129.6659863993980 
1176,35.2161759729760 ,129.6660067719530 
1177,35.2247047510089 ,129.6662601583660 
1178,35.2245009774541 ,129.6662819685540 
1179,35.2157864627374 ,129.6659665791890 
1180,35.2235809458852 ,129.6662055302130 
1181,35.2236044929453 ,129.6669958513320 
1182,35.2230406578401 ,129.6661844146440 
1183,35.2230219464671 ,129.6672886844010 
1184,35.2231049499995 ,129.6661865189740 
1185,35.2228908757178 ,129.6661774534070 
1186,35.2227728728508 ,129.6661722186150 
1187,35.2111913046320 ,129.6657915445820 
1188,35.2224008643546 ,129.6661555821400 
1189,35.2233046304055 ,129.6661779568790 
1190,35.2191644472681 ,129.6660369688830 
1191,35.2080252023683 ,129.6656698022940 
1192,35.2152754286416 ,129.6658956492180 
1193,35.2149458579138 ,129.6658378622070 
1194,35.2152762633462 ,129.6658833249810 
1195,35.2146818568047 ,129.6658072669050 
1196,35.2246944770824 ,129.6661194785280 
1197,35.2245300947866 ,129.6661425784210 
1198,35.2139730650557 ,129.6657662377250 
1199,35.2206135071920 ,129.6659811104230 
1200,35.2106301572687 ,129.6656500235620 
1201,35.2109301569346 ,129.6661106436690 
1202,35.2146826990507 ,129.6657945999080 
1203,35.2144348840449 ,129.6657641913360 
1204,35.2235459720420 ,129.6660612988430 
1205,35.2127142466090 ,129.6657051582790 
1206,35.2193520703641 ,129.6659175283750 
1207,35.2191800159662 ,129.6660268417920 
1208,35.2236378665451 ,129.6660502380520 
1209,35.2239437004339 ,129.6660351991380 
1210,35.2121853621426 ,129.6656456579960 
1211,35.2102115900039 ,129.6655611988770 
1212,35.2101881940580 ,129.6655559736550 
1213,35.2100836641348 ,129.6661021634790 
1214,35.2176681286136 ,129.6657968934370 
1215,35.2228779679227 ,129.6659646331070 
1216,35.2224053238201 ,129.6659340670350 
1217,35.2230829547382 ,129.6659452639150 
1218,35.2099981750424 ,129.6655157941180 
1219,35.2208799204130 ,129.6658639030860 
1220,35.2169202887395 ,129.6657326247930 
1221,35.2167567266176 ,129.6658271169260 
1222,35.2226437478849 ,129.6659178508740 
1223,35.2098630924399 ,129.6654870176640 
1224,35.2242146040745 ,129.6659442132190 
1225,35.2243549266589 ,129.6659268451190 
1226,35.2096708451001 ,129.6654457363950 
1227,35.2196275356875 ,129.6657409162380 
1228,35.2094366419169 ,129.6653917617650 
1229,35.2082809572874 ,129.6653525945910 
1230,35.2093806102001 ,129.6653789509260 
1231,35.2158174737539 ,129.6655750865320 
1232,35.2162760662654 ,129.6656364081580 
1233,35.2130696647290 ,129.6654779948070 
1234,35.2092462536067 ,129.6653491695080 
1235,35.2235274494204 ,129.6658029994740 
1236,35.2231951659937 ,129.6658363890810 
1237,35.2147086598028 ,129.6655045037150 
1238,35.2223911227818 ,129.6657479697420 
1239,35.2153032734700 ,129.6655136621610 
1240,35.2143990497622 ,129.6654672712760 
1241,35.2237809078465 ,129.6657625692700 
1242,35.2088733523735 ,129.6652707615820 
1243,35.2087982900240 ,129.6660642320440 
1244,35.2227879506226 ,129.6656988493030 
1245,35.2122216902283 ,129.6653514495750 
1246,35.2241939566572 ,129.6657184401330 
1247,35.2239474446095 ,129.6657566959820 
1248,35.2198911427755 ,129.6655721497970 
1249,35.2200326458624 ,129.6658845570750 
1250,35.2084267110529 ,129.6651717604370 
1251,35.2167905350245 ,129.6654044885180 
1252,35.2166340101389 ,129.6654926924230 
1253,35.2211045875881 ,129.6655264164270 
1254,35.2246579406322 ,129.6656245068900 
1255,35.2246853651080 ,129.6659963367990 
1256,35.2241911044982 ,129.6656881508110 
1257,35.2200629305716 ,129.6654621395870 
1258,35.2189172101650 ,129.6653989212130 
1259,35.2223677178803 ,129.6654939750250 
1260,35.2217919079993 ,129.6655451317130 
1261,35.2189863300715 ,129.6653672142380 
1262,35.2191440734215 ,129.6655240317150 
1263,35.2106103644909 ,129.6650850114280 
1264,35.2149956658550 ,129.6652129959890 
1265,35.2188903576880 ,129.6653397133610 
1266,35.2147380953550 ,129.6651908473270 
1267,35.2165915691778 ,129.6652847553260 
1268,35.2162276308306 ,129.6652340797690 
1269,35.2158430960493 ,129.6652108653490 
1270,35.2145235116065 ,129.6651601550950 
1271,35.2176872739979 ,129.6652602116200 
1272,35.2167154544743 ,129.6652146972460 
1273,35.2229767252756 ,129.6654185124560 
1274,35.2230087418161 ,129.6657225448990 
1275,35.2191989951081 ,129.6652805013370 
1276,35.2192505358425 ,129.6654715871480 
1277,35.2099114804484 ,129.6649712417480 
1278,35.2153312219417 ,129.6651460883440 
1279,35.2203246782354 ,129.6652946830640 
1280,35.2107305556937 ,129.6649781272930 
1281,35.2108029209585 ,129.6651825676510 
1282,35.2232280176458 ,129.6653869317680 
1283,35.2232542680211 ,129.6657034723420 
1284,35.2230783797777 ,129.6654053684100 
1285,35.2150047552380 ,129.6651007573380 
1286,35.2193274946703 ,129.6652246599600 
1287,35.2193359468660 ,129.6653522323910 
1288,35.2105985660145 ,129.6649367586100 
1289,35.2234928306987 ,129.6653551070800 
1290,35.2168702107228 ,129.6651236900260 
1291,35.2198364281657 ,129.6652056253570 
1292,35.2112650807137 ,129.6649221874940 
1293,35.2116418794692 ,129.6649770515740 
1294,35.2195040342382 ,129.6651865164660 
1295,35.2195060517455 ,129.6653825019380 
1296,35.2238133193504 ,129.6653203001190 
1297,35.2238255826043 ,129.6654857491440 
1298,35.2196313233223 ,129.6651728385480 
1299,35.2196436164815 ,129.6653049976340 
1300,35.2097566841251 ,129.6648275775330 
1301,35.2161375704236 ,129.6650276742250 
1302,35.2241536971948 ,129.6652837418090 
1303,35.2238610137929 ,129.6653153411700 
1304,35.2187761049632 ,129.6650875615090 
1305,35.2230662476181 ,129.6652275724800 
1306,35.2109017163918 ,129.6648262506420 
1307,35.2206527989310 ,129.6651115545830 
1308,35.2197556797580 ,129.6650750008780 
1309,35.2142321080473 ,129.6648843829300 
1310,35.2246285823771 ,129.6652189863920 
1311,35.2242206529720 ,129.6652735797630 
1312,35.2147631991251 ,129.6648756766300 
1313,35.2207415823372 ,129.6650691670450 
1314,35.2171534200041 ,129.6649469901820 
1315,35.2238478278182 ,129.6651598128080 
1316,35.2242120452463 ,129.6651466808210 
1317,35.2164278307529 ,129.6648632147000 
1318,35.2158717074216 ,129.6648323314140 
1319,35.2209373775104 ,129.6649877330000 
1320,35.2210450423242 ,129.6653535928940 
1321,35.2176973987715 ,129.6648772903030 
1322,35.2112874180625 ,129.6646494817700 
1323,35.2210019548814 ,129.6649641113440 
1324,35.2153558533183 ,129.6647756609630 
1325,35.2144213037299 ,129.6647382362350 
1326,35.2140675791140 ,129.6646968195460 
1327,35.2212247753693 ,129.6649020895690 
1328,35.2213369334527 ,129.6653899067520 
1329,35.2214745985483 ,129.6648605089230 
1330,35.2215452753273 ,129.6651990834830 
1331,35.2212531811051 ,129.6648971856930 
1332,35.2167022286362 ,129.6647030387490 
1333,35.2200944682765 ,129.6648102161610 
1334,35.2175587504010 ,129.6647036030300 
1335,35.2216938906274 ,129.6648244487190 
1336,35.2147894446340 ,129.6645725514270 
1337,35.2121004584231 ,129.6644829097350 
1338,35.2120153171216 ,129.6649096681590 
1339,35.2218399991057 ,129.6648000625480 
1340,35.2219682984090 ,129.6647788681280 
1341,35.2144417796770 ,129.6645244714120 
1342,35.2206384212581 ,129.6646969369030 
1343,35.2124186847870 ,129.6644229819480 
1344,35.2222645800543 ,129.6647309146730 
1345,35.2223053734628 ,129.6647260727940 
1346,35.2203546242377 ,129.6646574595510 
1347,35.2113115267853 ,129.6643538473010 
1348,35.2115773507321 ,129.6643656259340 
1349,35.2169807391577 ,129.6645351048340 
1350,35.2108677861803 ,129.6643276751150 
1351,35.2105139141713 ,129.6643185076050 
1352,35.2225053787127 ,129.6647027631360 
1353,35.2225622553262 ,129.6646963885720 
1354,35.2226533776633 ,129.6650654887810 
1355,35.2104598848464 ,129.6642978719440 
1356,35.2159287225567 ,129.6644681069520 
1357,35.2158995208110 ,129.6644644072180 
1358,35.2140929155483 ,129.6643710229440 
1359,35.2144493860521 ,129.6644156158820 
1360,35.2228953629230 ,129.6646575312510 
1361,35.2102874637954 ,129.6642448904340 
1362,35.2100531937218 ,129.6648012497940 
1363,35.2120738739236 ,129.6642964314610 
1364,35.2229554903535 ,129.6646505767200 
1365,35.2229764562306 ,129.6649834134590 
1366,35.2208938148110 ,129.6645814235850 
1367,35.2138388542679 ,129.6643493352120 
1368,35.2153884977529 ,129.6643993195600 
1369,35.2113200194686 ,129.6642494849630 
1370,35.2103045832989 ,129.6642090838600 
1371,35.2231825898471 ,129.6646243786420 
1372,35.2232005560860 ,129.6649591769680 
1373,35.2232772979581 ,129.6646134082830 
1374,35.2150992974261 ,129.6643366827650 
1375,35.2234396123639 ,129.6645946985620 
1376,35.2148149180233 ,129.6642724886290 
1377,35.2237010413676 ,129.6645631036850 
1378,35.2237299828555 ,129.6649109591770 
1379,35.2173023570271 ,129.6643531396680 
1380,35.2162071318177 ,129.6643111496150 
1381,35.2144611156679 ,129.6642218075340 
1382,35.2241544566236 ,129.6645079360040 
1383,35.2241892521044 ,129.6648968181600 
1384,35.2199069619345 ,129.6643683227440 
1385,35.2243817269739 ,129.6644803704030 
1386,35.2244174704581 ,129.6648517846630 
1387,35.2245272622896 ,129.6644628271290 
1388,35.2224834243890 ,129.6643764155040 
1389,35.2161506153929 ,129.6641669140930 
1390,35.2220411320741 ,129.6643420478850 
1391,35.2164947787035 ,129.6641438570910 
1392,35.2228708233858 ,129.6643334994120 
1393,35.2216953227023 ,129.6642672593940 
1394,35.2095628680460 ,129.6638537699840 
1395,35.2232571120005 ,129.6642898604510 
1396,35.2148440841480 ,129.6639581362790 
1397,35.2228530447121 ,129.6642138515830 
1398,35.2144895953364 ,129.6639194424170 
1399,35.2167647164115 ,129.6639879930990 
1400,35.2232476109693 ,129.6641715121820 
1401,35.2225096428424 ,129.6641192399030 
1402,35.2220040524314 ,129.6640951561570 
1403,35.2228531827678 ,129.6640989073320 
1404,35.2113698490903 ,129.6636743928490 
1405,35.2232380947189 ,129.6640538497040 
1406,35.2141545104367 ,129.6637475766930 
1407,35.2145048316956 ,129.6637837316420 
1408,35.2170632003523 ,129.6638272286230 
1409,35.2135159970928 ,129.6636797005600 
1410,35.2134743136720 ,129.6641277873220 
1411,35.2228086569364 ,129.6639663752850 
1412,35.2121796065598 ,129.6636185202720 
1413,35.2122101409237 ,129.6641691416930 
1414,35.2124078180133 ,129.6636249503620 
1415,35.2131806911158 ,129.6636457530400 
1416,35.2128796261444 ,129.6636232177750 
1417,35.2128395615118 ,129.6636205358360 
1418,35.2148705682722 ,129.6636632525320 
1419,35.2210375965588 ,129.6638508139310 
1420,35.2151607468935 ,129.6636367131570 
1421,35.2145209133053 ,129.6636096217430 
1422,35.2120705605119 ,129.6634941900200 
1423,35.2113933538241 ,129.6634188786100 
1424,35.2123633777697 ,129.6634437204860 
1425,35.2141782744255 ,129.6634930915390 
1426,35.2131946524949 ,129.6634592253870 
1427,35.2111059965097 ,129.6633556233710 
1428,35.2118273323100 ,129.6633641023590 
1429,35.2222144108647 ,129.6636847920840 
1430,35.2119628495520 ,129.6633283904850 
1431,35.2128545440543 ,129.6633108735530 
1432,35.2229087700013 ,129.6636076461890 
1433,35.2145481225938 ,129.6633137334350 
1434,35.2233396352408 ,129.6635599712390 
1435,35.2122784781277 ,129.6631753969920 
1436,35.2124414453282 ,129.6631718026260 
1437,35.2127058604089 ,129.6632603834540 
1438,35.2128476282150 ,129.6630430384850 
1439,35.2128717772331 ,129.6631611639750 
1440,35.2244795488824 ,129.6634201870910 
1441,35.2123620313121 ,129.6630124168030 
1442,35.2128744064502 ,129.6628370311370 
1443,35.2147004312711 ,129.6628541592360 
1444,35.2145797850759 ,129.6628474718100 
1445,35.2105426782361 ,129.6627049193640 
1446,35.2140506990566 ,129.6625347782130 
1447,35.2140479014744 ,129.6626938822450 
1448,35.2137885423041 ,129.6625354758210 
1449,35.2124177556909 ,129.6624762778050 
1450,35.2122929610106 ,129.6627092730820 
1451,35.2127119364717 ,129.6624406017910 
1452,35.2127330988893 ,129.6625665203650 
1453,35.2134980069936 ,129.6624566783210 
1454,35.2128112622892 ,129.6624181153520 
1455,35.2147265005610 ,129.6624628518870 
1456,35.2141806061497 ,129.6624021283420 
1457,35.2151289243503 ,129.6623449376340 
1458,35.2115288988756 ,129.6621792896940 
1459,35.2147324137891 ,129.6622709110390 
1460,35.2123166631911 ,129.6621823807620 
1461,35.2124577920402 ,129.6621667491100 
1462,35.2126676432429 ,129.6621118488450 
1463,35.2131201855912 ,129.6621091350960 
1464,35.2131187314843 ,129.6622072112610 
1465,35.2129083007559 ,129.6621028993420 
1466,35.2138582710546 ,129.6620985953300 
1467,35.2141216385621 ,129.6621068563250 
1468,35.2140602050312 ,129.6621027907500 
1469,35.2110340644620 ,129.6619926136660 
1470,35.2133848498997 ,129.6619688799060 
1471,35.2138708078299 ,129.6619319186380 
1472,35.2126336950091 ,129.6618887620710 
1473,35.2141238824023 ,129.6618321113310 
1474,35.2131337421130 ,129.6616721384260 
1475,35.2132295235038 ,129.6616251757800 
1476,35.2145864816784 ,129.6616602356260 
1477,35.2145410204738 ,129.6615252863780 
1478,35.2144251639522 ,129.6615760543130 
1479,35.2115449806085 ,129.6613715111550 
1480,35.2132056150747 ,129.6612720412490 
1481,35.2135877614384 ,129.6618262635660 
1482,35.2120521956219 ,129.6614306183480 
1483,35.2116615569910 ,129.6612048056760 
1484,35.2148290823971 ,129.6612557575460 
1485,35.2133727662027 ,129.6611934428800 
1486,35.2135247490841 ,129.6614395996470 
1487,35.2149268993058 ,129.6611546506360 
1488,35.2133704313742 ,129.6608451293490 
1489,35.2139650243812 ,129.6605928150480 
1490,35.2137403329649 ,129.6607656022730 
1491,35.2133593055592 ,129.6604611904220 
1492,35.2124490859243 ,129.6607001108930 
1493,35.2153162773883 ,129.6604327921790 
1494,35.2155215535565 ,129.6606371202260 
1495,35.2130403380755 ,129.6603372140180 
1496,35.2123850750494 ,129.6606595951950 
1497,35.2138051187937 ,129.6603419395550 
1498,35.2135835708392 ,129.6604678262210 
1499,35.2124255625820 ,129.6601116348360 
1500,35.2127574579662 ,129.6602943563270 
1501,35.2132436174764 ,129.6601201554680 
1502,35.2151023465982 ,129.6601674542320 
1503,35.2136234699781 ,129.6599273865200 
1504,35.2134768166598 ,129.6600214097720 
1505,35.2148683373779 ,129.6599508682850 
1506,35.2144256703943 ,129.6598822088770 
1507,35.2160336203336 ,129.6599185730730 
1508,35.2161202085567 ,129.6599759530810 
1509,35.2141379089836 ,129.6598052260480 
1510,35.2158688572045 ,129.6597989415550 
1511,35.2127303503313 ,129.6596831172670 
1512,35.2158086671834 ,129.6597575200930 
1513,35.2139151762100 ,129.6596840487780 
1514,35.2135192788049 ,129.6596652943730 
1515,35.2133886712098 ,129.6597402855360 
1516,35.2134909937891 ,129.6595878617620 
1517,35.2156265369115 ,129.6596465860880 
1518,35.2145936601419 ,129.6595476842120 
1519,35.2146778469402 ,129.6596118462640 
1520,35.2128863210753 ,129.6594662293100 
1521,35.2153895071018 ,129.6594841112610 
1522,35.2155941946955 ,129.6596256305720 
1523,35.2165342603195 ,129.6594827051550 
1524,35.2146697650911 ,129.6593902852040 
1525,35.2147897937486 ,129.6594635081970 
1526,35.2151438576169 ,129.6593230715940 
1527,35.2153771671041 ,129.6594754741070 
1528,35.2151185470314 ,129.6593088646990 
1529,35.2158890482240 ,129.6592647051330 
1530,35.2144231581877 ,129.6592151492240 
1531,35.2146755230727 ,129.6593781216510 
1532,35.2162078708564 ,129.6592672192400 
1533,35.2138836547715 ,129.6591646060530 
1534,35.2140675520379 ,129.6594193504160 
1535,35.2131625455559 ,129.6590817197070 
1536,35.2149271409587 ,129.6591331276530 
1537,35.2148449534648 ,129.6590292318290 
1538,35.2156950971586 ,129.6590446233320 
1539,35.2129641669304 ,129.6588196447690 
1540,35.2154783650349 ,129.6588553644300 
1541,35.2156769337767 ,129.6590255031430 
1542,35.2170860672443 ,129.6589030246110 
1543,35.2120913311273 ,129.6589911855380 
1544,35.2127120479208 ,129.6587479473550 
1545,35.2177852214368 ,129.6588702573870 
1546,35.2173158922747 ,129.6589321405410 
1547,35.2152881597254 ,129.6587723035670 
1548,35.2152115118531 ,129.6587430408250 
1549,35.2184024143623 ,129.6587809465670 
1550,35.2170682423055 ,129.6587339775100 
1551,35.2126999804141 ,129.6585859590380 
1552,35.2119908697666 ,129.6586105137600 
1553,35.2159404403529 ,129.6586110576780 
1554,35.2148550775110 ,129.6585749581630 
1555,35.2177551085547 ,129.6585748866040 
1556,35.2174134400716 ,129.6586189782300 
1557,35.2170302809447 ,129.6584561948510 
1558,35.2139652182248 ,129.6583359518520 
1559,35.2119059205577 ,129.6582670589820 
1560,35.2171714848795 ,129.6584371277270 
1561,35.2183595266534 ,129.6584710891050 
1562,35.2170261531431 ,129.6584262098940 
1563,35.2126965407487 ,129.6585374713690 
1564,35.2126680791924 ,129.6582373699250 
1565,35.2159030608719 ,129.6582811464560 
1566,35.2142985020422 ,129.6581608671830 
1567,35.2177220304183 ,129.6582670673260 
1568,35.2173889463402 ,129.6583241353250 
1569,35.2166037471271 ,129.6581914682670 
1570,35.2187817777290 ,129.6582131210870 
1571,35.2191864002979 ,129.6586164456070 
1572,35.2145209602676 ,129.6580703417590 
1573,35.2126351106858 ,129.6579885848800 
1574,35.2183141561047 ,129.6581652682840 
1575,35.2177733070605 ,129.6582464381920 
1576,35.2169831814127 ,129.6581201293120 
1577,35.2118505541102 ,129.6579163357190 
1578,35.2171516780412 ,129.6581019520090 
1579,35.2147958355683 ,129.6579585381980 
1580,35.2165765052731 ,129.6580152530010 
1581,35.2126162444070 ,129.6578476465110 
1582,35.2177430362219 ,129.6578941062770 
1583,35.2173562308497 ,129.6579356989690 
1584,35.2155674930753 ,129.6577720168100 
1585,35.2158425575758 ,129.6577284944270 
1586,35.2138523077765 ,129.6576567177830 
1587,35.2160530657750 ,129.6576948747190 
1588,35.2118307544241 ,129.6575551078920 
1589,35.2125686151920 ,129.6575355985580 
1590,35.2183308495748 ,129.6577002097570 
1591,35.2165050950540 ,129.6576001687820 
1592,35.2147242218555 ,129.6574309207760 
1593,35.2181551426001 ,129.6575146877140 
1594,35.2180005626549 ,129.6574633256610 
1595,35.2179390585639 ,129.6580456367500 
1596,35.2118186239240 ,129.6572164307800 
1597,35.2169068050741 ,129.6573799593830 
1598,35.2175826643391 ,129.6573886216550 
1599,35.2125101037252 ,129.6571741345670 
1600,35.2154961953986 ,129.6572492081830 
1601,35.2137649615584 ,129.6571594721190 
1602,35.2124906464133 ,129.6570472438930 
1603,35.2154683540430 ,129.6570681726600 
1604,35.2117909715632 ,129.6568600934510 
1605,35.2146329460975 ,129.6569458932790 
1606,35.2124663630143 ,129.6568131526290 
1607,35.2154190750968 ,129.6567478258520 
1608,35.2136889738585 ,129.6566770076670 
1609,35.2157035342355 ,129.6566675514270 
1610,35.2117786405387 ,129.6565176360760 
1611,35.2124351073344 ,129.6564669877050 
1612,35.2136601264230 ,129.6564904540970 
1613,35.2145482579262 ,129.6564621108620 
1614,35.2117663056543 ,129.6561624845180 
1615,35.2153407223258 ,129.6562704212090 
1616,35.2136095527486 ,129.6562033525430 
1617,35.2145056418529 ,129.6562229559130 
1618,35.2124396748236 ,129.6561178735910 
1619,35.2127997332682 ,129.6561018192640 
1620,35.2126902419913 ,129.6559781695000 
1621,35.2144792757515 ,129.6560323643170 
1622,35.2135679028733 ,129.6559522237700 
1623,35.2117429164709 ,129.6558234408370 
1624,35.2154873330101 ,129.6559152884300 
1625,35.2135535269432 ,129.6558375055170 
1626,35.2152825561398 ,129.6558866553370 
1627,35.2152612009499 ,129.6560129060390 
1628,35.2126315536366 ,129.6557271745980 
1629,35.2144012687304 ,129.6556994204350 
1630,35.2117256758673 ,129.6554736189700 
1631,35.2126014661639 ,129.6553982017580 
1632,35.2117141090341 ,129.6551154049640 
